Datum,count
Fri 00:01 UTC,1
Fri 00:02 UTC,1
Fri 00:03 UTC,1
Fri 00:07 UTC,1
Fri 00:10 UTC,1
Fri 00:12 UTC,1
Fri 00:17 UTC,2
Fri 00:18 UTC,2
Fri 00:20 UTC,1
Fri 00:21 UTC,1
Fri 00:23 UTC,2
Fri 00:27 UTC,1
Fri 00:29 UTC,1
Fri 00:31 UTC,1
Fri 00:38 UTC,1
Fri 00:40 UTC,1
Fri 00:43 UTC,1
Fri 00:45 UTC,2
Fri 00:50 UTC,1
Fri 00:51 UTC,1
Fri 00:53 UTC,1
Fri 00:56 UTC,1
Fri 01:00 UTC,1
Fri 01:02 UTC,2
Fri 01:03 UTC,1
Fri 01:04 UTC,1
Fri 01:07 UTC,1
Fri 01:10 UTC,1
Fri 01:12 UTC,1
Fri 01:18 UTC,1
Fri 01:20 UTC,2
Fri 01:21 UTC,1
Fri 01:26 UTC,1
Fri 01:27 UTC,1
Fri 01:29 UTC,1
Fri 01:31 UTC,1
Fri 01:34 UTC,1
Fri 01:37 UTC,1
Fri 01:41 UTC,1
Fri 01:42 UTC,1
Fri 01:43 UTC,1
Fri 01:44 UTC,1
Fri 01:45 UTC,1
Fri 01:49 UTC,1
Fri 01:50 UTC,1
Fri 01:55 UTC,1
Fri 01:59 UTC,2
Fri 02:00 UTC,2
Fri 02:08 UTC,1
Fri 02:11 UTC,2
Fri 02:14 UTC,1
Fri 02:17 UTC,1
Fri 02:20 UTC,1
Fri 02:21 UTC,2
Fri 02:27 UTC,2
Fri 02:28 UTC,2
Fri 02:30 UTC,4
Fri 02:32 UTC,1
Fri 02:33 UTC,2
Fri 02:34 UTC,1
Fri 02:36 UTC,1
Fri 02:37 UTC,1
Fri 02:44 UTC,2
Fri 02:54 UTC,1
Fri 02:56 UTC,2
Fri 02:59 UTC,1
Fri 03:00 UTC,2
Fri 03:01 UTC,1
Fri 03:10 UTC,2
Fri 03:12 UTC,1
Fri 03:15 UTC,1
Fri 03:20 UTC,1
Fri 03:22 UTC,1
Fri 03:23 UTC,2
Fri 03:24 UTC,2
Fri 03:30 UTC,1
Fri 03:31 UTC,2
Fri 03:34 UTC,1
Fri 03:38 UTC,1
Fri 03:41 UTC,1
Fri 03:47 UTC,1
Fri 03:49 UTC,1
Fri 03:50 UTC,1
Fri 03:51 UTC,2
Fri 03:54 UTC,2
Fri 03:57 UTC,2
Fri 03:58 UTC,1
Fri 03:59 UTC,2
Fri 04:00 UTC,1
Fri 04:02 UTC,1
Fri 04:04 UTC,1
Fri 04:07 UTC,1
Fri 04:12 UTC,2
Fri 04:15 UTC,1
Fri 04:16 UTC,1
Fri 04:17 UTC,1
Fri 04:20 UTC,1
Fri 04:21 UTC,1
Fri 04:23 UTC,1
Fri 04:24 UTC,1
Fri 04:25 UTC,1
Fri 04:29 UTC,1
Fri 04:31 UTC,1
Fri 04:33 UTC,1
Fri 04:34 UTC,1
Fri 04:36 UTC,1
Fri 04:42 UTC,2
Fri 04:43 UTC,4
Fri 04:52 UTC,2
Fri 05:00 UTC,1
Fri 05:01 UTC,1
Fri 05:02 UTC,1
Fri 05:06 UTC,1
Fri 05:12 UTC,1
Fri 05:14 UTC,1
Fri 05:19 UTC,1
Fri 05:20 UTC,1
Fri 05:21 UTC,2
Fri 05:22 UTC,3
Fri 05:27 UTC,1
Fri 05:30 UTC,1
Fri 05:31 UTC,1
Fri 05:34 UTC,1
Fri 05:41 UTC,2
Fri 05:47 UTC,1
Fri 05:49 UTC,1
Fri 05:51 UTC,1
Fri 05:56 UTC,1
Fri 05:58 UTC,1
Fri 05:59 UTC,1
Fri 06:00 UTC,6
Fri 06:04 UTC,1
Fri 06:06 UTC,1
Fri 06:14 UTC,1
Fri 06:19 UTC,2
Fri 06:29 UTC,1
Fri 06:30 UTC,2
Fri 06:32 UTC,1
Fri 06:36 UTC,1
Fri 06:37 UTC,1
Fri 06:38 UTC,1
Fri 06:43 UTC,1
Fri 06:44 UTC,2
Fri 06:45 UTC,1
Fri 06:46 UTC,2
Fri 06:50 UTC,1
Fri 06:53 UTC,1
Fri 06:54 UTC,1
Fri 06:55 UTC,1
Fri 06:59 UTC,4
Fri 07:00 UTC,2
Fri 07:04 UTC,1
Fri 07:05 UTC,1
Fri 07:07 UTC,2
Fri 07:12 UTC,1
Fri 07:13 UTC,1
Fri 07:14 UTC,1
Fri 07:15 UTC,1
Fri 07:21 UTC,1
Fri 07:23 UTC,1
Fri 07:29 UTC,1
Fri 07:30 UTC,2
Fri 07:31 UTC,1
Fri 07:40 UTC,1
Fri 07:46 UTC,1
Fri 07:49 UTC,1
Fri 07:50 UTC,1
Fri 07:52 UTC,1
Fri 07:57 UTC,3
Fri 08:00 UTC,5
Fri 08:10 UTC,1
Fri 08:13 UTC,1
Fri 08:15 UTC,1
Fri 08:18 UTC,1
Fri 08:20 UTC,4
Fri 08:26 UTC,1
Fri 08:29 UTC,2
Fri 08:30 UTC,2
Fri 08:35 UTC,2
Fri 08:37 UTC,1
Fri 08:43 UTC,1
Fri 08:44 UTC,1
Fri 08:49 UTC,1
Fri 08:56 UTC,1
Fri 08:58 UTC,2
Fri 09:00 UTC,7
Fri 09:03 UTC,1
Fri 09:05 UTC,1
Fri 09:10 UTC,1
Fri 09:11 UTC,1
Fri 09:12 UTC,1
Fri 09:15 UTC,2
Fri 09:16 UTC,1
Fri 09:18 UTC,1
Fri 09:20 UTC,4
Fri 09:24 UTC,1
Fri 09:27 UTC,1
Fri 09:29 UTC,3
Fri 09:30 UTC,9
Fri 09:31 UTC,1
Fri 09:34 UTC,1
Fri 09:36 UTC,1
Fri 09:37 UTC,1
Fri 09:39 UTC,2
Fri 09:40 UTC,2
Fri 09:42 UTC,1
Fri 09:45 UTC,1
Fri 09:46 UTC,1
Fri 09:47 UTC,1
Fri 09:48 UTC,1
Fri 09:59 UTC,1
Fri 10:00 UTC,5
Fri 10:01 UTC,1
Fri 10:02 UTC,2
Fri 10:05 UTC,3
Fri 10:09 UTC,1
Fri 10:10 UTC,1
Fri 10:11 UTC,1
Fri 10:20 UTC,1
Fri 10:22 UTC,2
Fri 10:26 UTC,1
Fri 10:28 UTC,1
Fri 10:30 UTC,7
Fri 10:34 UTC,1
Fri 10:35 UTC,1
Fri 10:36 UTC,1
Fri 10:37 UTC,1
Fri 10:39 UTC,1
Fri 10:40 UTC,1
Fri 10:42 UTC,1
Fri 10:46 UTC,1
Fri 10:50 UTC,1
Fri 10:53 UTC,1
Fri 10:54 UTC,1
Fri 10:58 UTC,1
Fri 10:59 UTC,2
Fri 11:00 UTC,9
Fri 11:03 UTC,1
Fri 11:04 UTC,2
Fri 11:06 UTC,1
Fri 11:16 UTC,2
Fri 11:17 UTC,2
Fri 11:18 UTC,1
Fri 11:19 UTC,1
Fri 11:20 UTC,3
Fri 11:22 UTC,1
Fri 11:23 UTC,1
Fri 11:27 UTC,1
Fri 11:28 UTC,1
Fri 11:29 UTC,1
Fri 11:30 UTC,1
Fri 11:31 UTC,1
Fri 11:34 UTC,1
Fri 11:36 UTC,1
Fri 11:37 UTC,1
Fri 11:40 UTC,1
Fri 11:43 UTC,1
Fri 11:44 UTC,2
Fri 11:45 UTC,2
Fri 11:50 UTC,1
Fri 11:52 UTC,1
Fri 11:53 UTC,2
Fri 11:58 UTC,3
Fri 11:59 UTC,1
Fri 12:00 UTC,8
Fri 12:02 UTC,1
Fri 12:03 UTC,1
Fri 12:05 UTC,3
Fri 12:07 UTC,1
Fri 12:12 UTC,1
Fri 12:13 UTC,1
Fri 12:14 UTC,1
Fri 12:15 UTC,1
Fri 12:19 UTC,1
Fri 12:20 UTC,1
Fri 12:27 UTC,1
Fri 12:28 UTC,1
Fri 12:29 UTC,1
Fri 12:30 UTC,2
Fri 12:33 UTC,1
Fri 12:36 UTC,1
Fri 12:39 UTC,2
Fri 12:40 UTC,1
Fri 12:45 UTC,3
Fri 12:54 UTC,1
Fri 12:56 UTC,1
Fri 13:00 UTC,9
Fri 13:01 UTC,2
Fri 13:05 UTC,2
Fri 13:08 UTC,1
Fri 13:12 UTC,1
Fri 13:13 UTC,1
Fri 13:15 UTC,1
Fri 13:19 UTC,2
Fri 13:20 UTC,1
Fri 13:26 UTC,1
Fri 13:30 UTC,4
Fri 13:35 UTC,1
Fri 13:37 UTC,1
Fri 13:38 UTC,2
Fri 13:39 UTC,1
Fri 13:45 UTC,1
Fri 13:50 UTC,1
Fri 13:51 UTC,1
Fri 13:53 UTC,2
Fri 13:55 UTC,1
Fri 13:56 UTC,1
Fri 13:58 UTC,1
Fri 13:59 UTC,3
Fri 14:00 UTC,3
Fri 14:01 UTC,4
Fri 14:05 UTC,3
Fri 14:14 UTC,2
Fri 14:15 UTC,1
Fri 14:20 UTC,3
Fri 14:22 UTC,2
Fri 14:24 UTC,1
Fri 14:25 UTC,2
Fri 14:26 UTC,1
Fri 14:29 UTC,2
Fri 14:30 UTC,5
Fri 14:32 UTC,1
Fri 14:34 UTC,2
Fri 14:39 UTC,1
Fri 14:47 UTC,1
Fri 14:49 UTC,1
Fri 14:57 UTC,2
Fri 14:58 UTC,1
Fri 15:00 UTC,5
Fri 15:02 UTC,3
Fri 15:06 UTC,1
Fri 15:07 UTC,1
Fri 15:08 UTC,1
Fri 15:10 UTC,1
Fri 15:11 UTC,1
Fri 15:13 UTC,1
Fri 15:15 UTC,2
Fri 15:19 UTC,1
Fri 15:20 UTC,1
Fri 15:25 UTC,2
Fri 15:26 UTC,1
Fri 15:29 UTC,2
Fri 15:30 UTC,2
Fri 15:31 UTC,1
Fri 15:35 UTC,2
Fri 15:36 UTC,1
Fri 15:38 UTC,1
Fri 15:40 UTC,1
Fri 15:41 UTC,1
Fri 15:45 UTC,1
Fri 15:47 UTC,1
Fri 15:48 UTC,1
Fri 15:49 UTC,1
Fri 15:50 UTC,2
Fri 16:00 UTC,3
Fri 16:01 UTC,1
Fri 16:14 UTC,1
Fri 16:15 UTC,1
Fri 16:18 UTC,1
Fri 16:22 UTC,4
Fri 16:23 UTC,1
Fri 16:24 UTC,1
Fri 16:25 UTC,1
Fri 16:26 UTC,1
Fri 16:27 UTC,1
Fri 16:28 UTC,3
Fri 16:30 UTC,2
Fri 16:33 UTC,1
Fri 16:41 UTC,1
Fri 16:43 UTC,1
Fri 16:44 UTC,1
Fri 16:47 UTC,1
Fri 16:48 UTC,1
Fri 16:57 UTC,1
Fri 17:00 UTC,1
Fri 17:01 UTC,1
Fri 17:05 UTC,1
Fri 17:09 UTC,1
Fri 17:10 UTC,1
Fri 17:11 UTC,1
Fri 17:14 UTC,1
Fri 17:15 UTC,2
Fri 17:23 UTC,1
Fri 17:24 UTC,1
Fri 17:25 UTC,1
Fri 17:27 UTC,1
Fri 17:30 UTC,3
Fri 17:31 UTC,1
Fri 17:40 UTC,1
Fri 17:45 UTC,2
Fri 17:46 UTC,1
Fri 17:59 UTC,1
Fri 18:00 UTC,2
Fri 18:04 UTC,2
Fri 18:10 UTC,2
Fri 18:12 UTC,2
Fri 18:14 UTC,1
Fri 18:19 UTC,1
Fri 18:20 UTC,1
Fri 18:21 UTC,1
Fri 18:23 UTC,1
Fri 18:29 UTC,1
Fri 18:30 UTC,3
Fri 18:34 UTC,2
Fri 18:35 UTC,1
Fri 18:39 UTC,1
Fri 18:41 UTC,1
Fri 18:42 UTC,1
Fri 18:43 UTC,1
Fri 18:45 UTC,3
Fri 18:49 UTC,1
Fri 18:50 UTC,1
Fri 18:51 UTC,1
Fri 18:52 UTC,1
Fri 18:57 UTC,2
Fri 18:59 UTC,1
Fri 19:08 UTC,1
Fri 19:10 UTC,1
Fri 19:12 UTC,4
Fri 19:13 UTC,1
Fri 19:20 UTC,1
Fri 19:21 UTC,1
Fri 19:22 UTC,1
Fri 19:25 UTC,4
Fri 19:28 UTC,1
Fri 19:30 UTC,3
Fri 19:31 UTC,1
Fri 19:35 UTC,1
Fri 19:36 UTC,1
Fri 19:37 UTC,1
Fri 19:39 UTC,1
Fri 19:50 UTC,2
Fri 19:55 UTC,1
Fri 20:07 UTC,1
Fri 20:10 UTC,1
Fri 20:11 UTC,1
Fri 20:13 UTC,1
Fri 20:14 UTC,1
Fri 20:15 UTC,1
Fri 20:18 UTC,1
Fri 20:19 UTC,1
Fri 20:20 UTC,1
Fri 20:24 UTC,1
Fri 20:25 UTC,1
Fri 20:29 UTC,1
Fri 20:30 UTC,3
Fri 20:36 UTC,1
Fri 20:38 UTC,1
Fri 20:40 UTC,1
Fri 20:43 UTC,1
Fri 20:46 UTC,2
Fri 20:56 UTC,1
Fri 20:57 UTC,1
Fri 21:00 UTC,1
Fri 21:10 UTC,1
Fri 21:18 UTC,1
Fri 21:19 UTC,1
Fri 21:21 UTC,1
Fri 21:26 UTC,2
Fri 21:28 UTC,1
Fri 21:30 UTC,1
Fri 21:32 UTC,1
Fri 21:36 UTC,1
Fri 21:37 UTC,1
Fri 21:39 UTC,1
Fri 21:41 UTC,1
Fri 21:42 UTC,1
Fri 21:43 UTC,1
Fri 21:46 UTC,1
Fri 21:48 UTC,2
Fri 21:50 UTC,1
Fri 21:56 UTC,1
Fri 22:00 UTC,3
Fri 22:01 UTC,1
Fri 22:02 UTC,2
Fri 22:03 UTC,1
Fri 22:08 UTC,1
Fri 22:09 UTC,1
Fri 22:11 UTC,1
Fri 22:15 UTC,2
Fri 22:16 UTC,1
Fri 22:17 UTC,1
Fri 22:20 UTC,2
Fri 22:22 UTC,1
Fri 22:24 UTC,1
Fri 22:28 UTC,1
Fri 22:29 UTC,1
Fri 22:30 UTC,1
Fri 22:33 UTC,1
Fri 22:35 UTC,1
Fri 22:36 UTC,1
Fri 22:38 UTC,3
Fri 22:41 UTC,1
Fri 22:44 UTC,1
Fri 22:50 UTC,1
Fri 22:58 UTC,1
Fri 22:59 UTC,2
Fri 23:00 UTC,1
Fri 23:02 UTC,2
Fri 23:03 UTC,1
Fri 23:05 UTC,2
Fri 23:10 UTC,1
Fri 23:13 UTC,1
Fri 23:14 UTC,1
Fri 23:22 UTC,2
Fri 23:28 UTC,1
Fri 23:29 UTC,2
Fri 23:30 UTC,1
Fri 23:31 UTC,1
Fri 23:35 UTC,1
Fri 23:36 UTC,1
Fri 23:38 UTC,1
Fri 23:41 UTC,1
Fri 23:45 UTC,1
Fri 23:47 UTC,1
Fri 23:51 UTC,1
Fri 23:52 UTC,1
Fri 23:55 UTC,1
"Fri Apr 07, 1972",1
"Fri Apr 26, 1963",1
"Fri Apr 26, 1985",1
"Fri Aug 06, 1976",1
"Fri Aug 07, 1981",1
"Fri Aug 08, 2003",1
"Fri Aug 22, 1958",1
"Fri Aug 29, 1958",1
"Fri Dec 05, 1980",1
"Fri Dec 20, 1991",1
"Fri Dec 20, 2002",1
"Fri Dec 23, 1988",1
"Fri Feb 03, 2012",1
"Fri Feb 06, 1981",1
"Fri Feb 08, 1985",1
"Fri Jan 22, 2016",1
"Fri Jul 01, 1983",1
"Fri Jul 10, 1964",1
"Fri Jul 25, 1958",1
"Fri Jun 04, 1971",1
"Fri May 04, 1984",1
"Fri Nov 20, 1981",1
"Fri Oct 23, 1964",1
"Fri Sep 25, 2015",1
Mon 00:00 UTC,1
Mon 00:01 UTC,1
Mon 00:06 UTC,1
Mon 00:07 UTC,1
Mon 00:14 UTC,1
Mon 00:16 UTC,1
Mon 00:34 UTC,1
Mon 00:35 UTC,1
Mon 00:40 UTC,1
Mon 00:45 UTC,1
Mon 00:47 UTC,1
Mon 00:50 UTC,2
Mon 00:53 UTC,1
Mon 00:58 UTC,1
Mon 01:00 UTC,2
Mon 01:10 UTC,1
Mon 01:15 UTC,2
Mon 01:19 UTC,1
Mon 01:21 UTC,1
Mon 01:26 UTC,1
Mon 01:33 UTC,1
Mon 01:35 UTC,1
Mon 01:38 UTC,1
Mon 01:40 UTC,2
Mon 01:42 UTC,1
Mon 01:45 UTC,1
Mon 01:50 UTC,1
Mon 02:14 UTC,1
Mon 02:19 UTC,1
Mon 02:21 UTC,1
Mon 02:31 UTC,1
Mon 02:39 UTC,1
Mon 02:45 UTC,2
Mon 02:53 UTC,1
Mon 03:00 UTC,1
Mon 03:07 UTC,1
Mon 03:17 UTC,1
Mon 03:27 UTC,1
Mon 03:37 UTC,1
Mon 03:42 UTC,1
Mon 03:45 UTC,1
Mon 03:50 UTC,1
Mon 03:52 UTC,1
Mon 03:53 UTC,1
Mon 03:56 UTC,1
Mon 03:57 UTC,1
Mon 03:59 UTC,1
Mon 04:03 UTC,1
Mon 04:08 UTC,1
Mon 04:11 UTC,1
Mon 04:13 UTC,1
Mon 04:14 UTC,1
Mon 04:15 UTC,1
Mon 04:19 UTC,1
Mon 04:22 UTC,1
Mon 04:23 UTC,1
Mon 04:29 UTC,1
Mon 04:30 UTC,1
Mon 04:35 UTC,1
Mon 04:41 UTC,1
Mon 04:44 UTC,1
Mon 04:45 UTC,2
Mon 05:00 UTC,2
Mon 05:03 UTC,1
Mon 05:04 UTC,1
Mon 05:08 UTC,1
Mon 05:10 UTC,1
Mon 05:12 UTC,1
Mon 05:15 UTC,1
Mon 05:24 UTC,1
Mon 05:25 UTC,1
Mon 05:35 UTC,1
Mon 05:38 UTC,2
Mon 05:40 UTC,1
Mon 05:42 UTC,1
Mon 05:52 UTC,1
Mon 05:54 UTC,1
Mon 06:02 UTC,1
Mon 06:15 UTC,1
Mon 06:23 UTC,2
Mon 06:32 UTC,1
Mon 06:35 UTC,1
Mon 06:53 UTC,1
Mon 06:55 UTC,1
Mon 07:05 UTC,1
Mon 07:10 UTC,1
Mon 07:16 UTC,1
Mon 07:19 UTC,1
Mon 07:20 UTC,2
Mon 07:22 UTC,1
Mon 07:23 UTC,1
Mon 07:28 UTC,1
Mon 07:29 UTC,2
Mon 07:30 UTC,2
Mon 07:39 UTC,1
Mon 07:40 UTC,1
Mon 07:54 UTC,1
Mon 07:55 UTC,1
Mon 07:58 UTC,1
Mon 07:59 UTC,1
Mon 08:00 UTC,2
Mon 08:08 UTC,1
Mon 08:12 UTC,1
Mon 08:15 UTC,1
Mon 08:29 UTC,1
Mon 08:30 UTC,1
Mon 08:45 UTC,3
Mon 08:49 UTC,1
Mon 08:54 UTC,1
Mon 08:56 UTC,1
Mon 09:13 UTC,1
Mon 09:14 UTC,1
Mon 09:15 UTC,1
Mon 09:25 UTC,1
Mon 09:27 UTC,1
Mon 09:29 UTC,1
Mon 09:31 UTC,1
Mon 09:34 UTC,1
Mon 09:39 UTC,1
Mon 09:40 UTC,3
Mon 09:42 UTC,1
Mon 09:47 UTC,1
Mon 09:50 UTC,1
Mon 10:00 UTC,2
Mon 10:02 UTC,1
Mon 10:05 UTC,1
Mon 10:06 UTC,1
Mon 10:09 UTC,1
Mon 10:10 UTC,2
Mon 10:15 UTC,1
Mon 10:17 UTC,1
Mon 10:19 UTC,1
Mon 10:20 UTC,1
Mon 10:21 UTC,1
Mon 10:23 UTC,1
Mon 10:28 UTC,1
Mon 10:30 UTC,2
Mon 10:31 UTC,1
Mon 10:35 UTC,1
Mon 10:36 UTC,1
Mon 10:40 UTC,1
Mon 11:00 UTC,5
Mon 11:04 UTC,1
Mon 11:15 UTC,1
Mon 11:20 UTC,1
Mon 11:21 UTC,1
Mon 11:22 UTC,1
Mon 11:29 UTC,1
Mon 11:31 UTC,1
Mon 11:33 UTC,1
Mon 11:45 UTC,2
Mon 11:55 UTC,1
Mon 11:58 UTC,1
Mon 11:59 UTC,1
Mon 12:00 UTC,2
Mon 12:01 UTC,1
Mon 12:03 UTC,1
Mon 12:05 UTC,2
Mon 12:08 UTC,2
Mon 12:10 UTC,1
Mon 12:12 UTC,1
Mon 12:14 UTC,1
Mon 12:15 UTC,2
Mon 12:30 UTC,1
Mon 12:31 UTC,1
Mon 12:37 UTC,1
Mon 12:38 UTC,2
Mon 12:40 UTC,1
Mon 12:41 UTC,1
Mon 12:56 UTC,2
Mon 13:00 UTC,1
Mon 13:05 UTC,1
Mon 13:06 UTC,1
Mon 13:07 UTC,1
Mon 13:12 UTC,1
Mon 13:29 UTC,1
Mon 13:30 UTC,1
Mon 13:34 UTC,2
Mon 13:35 UTC,1
Mon 13:48 UTC,2
Mon 13:51 UTC,1
Mon 13:57 UTC,1
Mon 14:00 UTC,4
Mon 14:04 UTC,1
Mon 14:09 UTC,1
Mon 14:15 UTC,2
Mon 14:19 UTC,1
Mon 14:21 UTC,1
Mon 14:27 UTC,1
Mon 14:30 UTC,1
Mon 14:36 UTC,1
Mon 14:39 UTC,1
Mon 14:41 UTC,1
Mon 14:42 UTC,1
Mon 14:50 UTC,1
Mon 14:53 UTC,1
Mon 14:55 UTC,1
Mon 14:56 UTC,1
Mon 14:57 UTC,1
Mon 15:00 UTC,1
Mon 15:04 UTC,1
Mon 15:05 UTC,1
Mon 15:15 UTC,1
Mon 15:52 UTC,1
Mon 16:00 UTC,4
Mon 16:01 UTC,1
Mon 16:02 UTC,2
Mon 16:04 UTC,1
Mon 16:11 UTC,1
Mon 16:15 UTC,1
Mon 16:31 UTC,1
Mon 16:37 UTC,1
Mon 16:40 UTC,1
Mon 16:41 UTC,1
Mon 16:45 UTC,2
Mon 16:49 UTC,1
Mon 16:53 UTC,1
Mon 16:58 UTC,1
Mon 17:08 UTC,1
Mon 17:10 UTC,1
Mon 17:14 UTC,1
Mon 17:18 UTC,1
Mon 17:20 UTC,1
Mon 17:24 UTC,1
Mon 17:30 UTC,2
Mon 17:38 UTC,1
Mon 17:40 UTC,1
Mon 17:41 UTC,1
Mon 17:43 UTC,2
Mon 17:45 UTC,1
Mon 17:52 UTC,2
Mon 18:00 UTC,1
Mon 18:01 UTC,1
Mon 18:02 UTC,1
Mon 18:06 UTC,1
Mon 18:09 UTC,1
Mon 18:10 UTC,1
Mon 18:11 UTC,1
Mon 18:13 UTC,1
Mon 18:14 UTC,2
Mon 18:23 UTC,1
Mon 18:28 UTC,2
Mon 18:29 UTC,1
Mon 18:30 UTC,3
Mon 18:34 UTC,1
Mon 18:45 UTC,1
Mon 18:47 UTC,1
Mon 18:50 UTC,1
Mon 18:51 UTC,1
Mon 19:00 UTC,2
Mon 19:06 UTC,1
Mon 19:12 UTC,1
Mon 19:23 UTC,3
Mon 19:26 UTC,1
Mon 19:28 UTC,1
Mon 19:33 UTC,1
Mon 19:34 UTC,1
Mon 19:38 UTC,1
Mon 19:44 UTC,1
Mon 19:45 UTC,1
Mon 19:49 UTC,1
Mon 19:50 UTC,1
Mon 19:55 UTC,1
Mon 19:59 UTC,2
Mon 20:03 UTC,1
Mon 20:10 UTC,1
Mon 20:12 UTC,1
Mon 20:16 UTC,1
Mon 20:20 UTC,1
Mon 20:30 UTC,1
Mon 20:31 UTC,1
Mon 20:36 UTC,1
Mon 20:37 UTC,1
Mon 20:39 UTC,1
Mon 20:43 UTC,1
Mon 20:44 UTC,1
Mon 20:50 UTC,2
Mon 21:00 UTC,2
Mon 21:02 UTC,1
Mon 21:08 UTC,1
Mon 21:09 UTC,1
Mon 21:15 UTC,1
Mon 21:18 UTC,1
Mon 21:30 UTC,1
Mon 21:32 UTC,2
Mon 21:37 UTC,2
Mon 21:39 UTC,1
Mon 21:40 UTC,1
Mon 21:43 UTC,1
Mon 21:47 UTC,2
Mon 21:51 UTC,1
Mon 21:52 UTC,1
Mon 21:56 UTC,1
Mon 21:58 UTC,2
Mon 21:59 UTC,1
Mon 22:01 UTC,1
Mon 22:03 UTC,1
Mon 22:04 UTC,2
Mon 22:05 UTC,2
Mon 22:06 UTC,2
Mon 22:09 UTC,1
Mon 22:19 UTC,1
Mon 22:20 UTC,2
Mon 22:22 UTC,1
Mon 22:23 UTC,1
Mon 22:24 UTC,1
Mon 22:26 UTC,1
Mon 22:28 UTC,1
Mon 22:29 UTC,2
Mon 22:30 UTC,1
Mon 22:35 UTC,2
Mon 22:37 UTC,1
Mon 22:40 UTC,1
Mon 22:48 UTC,1
Mon 22:50 UTC,1
Mon 22:51 UTC,1
Mon 22:52 UTC,1
Mon 22:58 UTC,1
Mon 23:00 UTC,1
Mon 23:01 UTC,1
Mon 23:03 UTC,1
Mon 23:04 UTC,1
Mon 23:05 UTC,1
Mon 23:21 UTC,1
Mon 23:28 UTC,1
Mon 23:29 UTC,1
Mon 23:30 UTC,1
Mon 23:32 UTC,1
Mon 23:34 UTC,1
Mon 23:40 UTC,2
Mon 23:41 UTC,1
Mon 23:45 UTC,1
Mon 23:46 UTC,1
Mon 23:48 UTC,1
Mon 23:50 UTC,1
Mon 23:52 UTC,1
"Mon Apr 03, 1967",1
"Mon Aug 12, 1974",1
"Mon Aug 25, 1958",1
"Mon Aug 25, 2003",1
"Mon Dec 22, 1975",1
"Mon Dec 26, 1994",1
"Mon Dec 27, 1971",1
"Mon Feb 02, 2009",1
"Mon Feb 02, 2015",1
"Mon Feb 21, 1966",1
"Mon Jun 26, 1967",1
"Mon Nov 23, 2015",1
"Mon Oct 30, 1978",1
"Mon Sep 06, 2004",1
"Mon Sep 19, 1988",1
"Mon Sep 21, 1981",1
"Mon Sep 22, 1969",1
"Mon Sep 26, 1966",1
Sat 00:00 UTC,1
Sat 00:02 UTC,1
Sat 00:03 UTC,1
Sat 00:09 UTC,1
Sat 00:11 UTC,1
Sat 00:15 UTC,1
Sat 00:21 UTC,1
Sat 00:24 UTC,1
Sat 00:26 UTC,1
Sat 00:27 UTC,1
Sat 00:28 UTC,1
Sat 00:30 UTC,3
Sat 00:31 UTC,2
Sat 00:32 UTC,2
Sat 00:42 UTC,1
Sat 00:46 UTC,1
Sat 00:47 UTC,1
Sat 00:48 UTC,1
Sat 00:50 UTC,1
Sat 00:51 UTC,1
Sat 00:53 UTC,1
Sat 00:55 UTC,2
Sat 00:56 UTC,1
Sat 01:03 UTC,1
Sat 01:07 UTC,2
Sat 01:10 UTC,1
Sat 01:14 UTC,1
Sat 01:15 UTC,1
Sat 01:16 UTC,1
Sat 01:17 UTC,1
Sat 01:18 UTC,2
Sat 01:21 UTC,1
Sat 01:23 UTC,2
Sat 01:25 UTC,1
Sat 01:26 UTC,1
Sat 01:27 UTC,2
Sat 01:31 UTC,1
Sat 01:35 UTC,1
Sat 01:38 UTC,1
Sat 01:40 UTC,1
Sat 01:44 UTC,1
Sat 01:45 UTC,1
Sat 01:50 UTC,1
Sat 01:51 UTC,1
Sat 01:53 UTC,2
Sat 02:02 UTC,1
Sat 02:03 UTC,1
Sat 02:05 UTC,1
Sat 02:06 UTC,1
Sat 02:12 UTC,1
Sat 02:19 UTC,2
Sat 02:20 UTC,3
Sat 02:28 UTC,1
Sat 02:34 UTC,1
Sat 02:36 UTC,1
Sat 02:40 UTC,1
Sat 02:49 UTC,1
Sat 02:55 UTC,1
Sat 02:56 UTC,1
Sat 03:00 UTC,1
Sat 03:01 UTC,1
Sat 03:05 UTC,1
Sat 03:10 UTC,1
Sat 03:13 UTC,1
Sat 03:19 UTC,1
Sat 03:20 UTC,1
Sat 03:22 UTC,1
Sat 03:23 UTC,1
Sat 03:25 UTC,1
Sat 03:26 UTC,1
Sat 03:27 UTC,1
Sat 03:36 UTC,1
Sat 03:45 UTC,1
Sat 03:48 UTC,2
Sat 03:49 UTC,1
Sat 03:59 UTC,1
Sat 04:00 UTC,1
Sat 04:11 UTC,1
Sat 04:12 UTC,1
Sat 04:13 UTC,2
Sat 04:14 UTC,1
Sat 04:20 UTC,1
Sat 04:30 UTC,1
Sat 04:33 UTC,1
Sat 04:39 UTC,1
Sat 04:41 UTC,1
Sat 04:50 UTC,1
Sat 04:59 UTC,1
Sat 05:00 UTC,3
Sat 05:03 UTC,1
Sat 05:05 UTC,1
Sat 05:06 UTC,1
Sat 05:09 UTC,1
Sat 05:12 UTC,1
Sat 05:15 UTC,1
Sat 05:16 UTC,1
Sat 05:20 UTC,1
Sat 05:27 UTC,1
Sat 05:29 UTC,1
Sat 05:30 UTC,1
Sat 05:37 UTC,2
Sat 05:39 UTC,1
Sat 05:40 UTC,2
Sat 05:44 UTC,1
Sat 05:45 UTC,1
Sat 05:48 UTC,1
Sat 05:51 UTC,1
Sat 05:54 UTC,1
Sat 05:59 UTC,1
Sat 06:00 UTC,1
Sat 06:01 UTC,1
Sat 06:05 UTC,1
Sat 06:06 UTC,1
Sat 06:10 UTC,1
Sat 06:11 UTC,1
Sat 06:16 UTC,1
Sat 06:20 UTC,1
Sat 06:27 UTC,1
Sat 06:29 UTC,1
Sat 06:30 UTC,1
Sat 06:39 UTC,1
Sat 06:41 UTC,1
Sat 06:45 UTC,1
Sat 06:48 UTC,1
Sat 06:51 UTC,1
Sat 06:55 UTC,1
Sat 06:59 UTC,2
Sat 07:00 UTC,4
Sat 07:03 UTC,1
Sat 07:05 UTC,1
Sat 07:10 UTC,1
Sat 07:20 UTC,1
Sat 07:21 UTC,1
Sat 07:28 UTC,1
Sat 07:30 UTC,1
Sat 07:32 UTC,1
Sat 07:39 UTC,1
Sat 07:40 UTC,1
Sat 07:49 UTC,1
Sat 07:55 UTC,1
Sat 07:58 UTC,1
Sat 07:59 UTC,1
Sat 08:00 UTC,3
Sat 08:01 UTC,2
Sat 08:02 UTC,1
Sat 08:08 UTC,1
Sat 08:12 UTC,1
Sat 08:14 UTC,1
Sat 08:15 UTC,3
Sat 08:20 UTC,3
Sat 08:25 UTC,1
Sat 08:30 UTC,6
Sat 08:34 UTC,1
Sat 08:35 UTC,1
Sat 08:38 UTC,1
Sat 08:40 UTC,1
Sat 08:42 UTC,1
Sat 08:45 UTC,1
Sat 08:46 UTC,1
Sat 08:49 UTC,1
Sat 08:52 UTC,1
Sat 08:53 UTC,1
Sat 08:54 UTC,1
Sat 08:55 UTC,1
Sat 08:58 UTC,1
Sat 09:00 UTC,2
Sat 09:01 UTC,1
Sat 09:10 UTC,1
Sat 09:16 UTC,2
Sat 09:18 UTC,1
Sat 09:21 UTC,1
Sat 09:22 UTC,1
Sat 09:24 UTC,1
Sat 09:25 UTC,1
Sat 09:26 UTC,1
Sat 09:36 UTC,2
Sat 09:45 UTC,1
Sat 09:47 UTC,2
Sat 09:50 UTC,2
Sat 09:51 UTC,1
Sat 09:54 UTC,1
Sat 09:59 UTC,1
Sat 10:00 UTC,3
Sat 10:02 UTC,1
Sat 10:04 UTC,1
Sat 10:09 UTC,1
Sat 10:12 UTC,1
Sat 10:14 UTC,1
Sat 10:15 UTC,1
Sat 10:18 UTC,1
Sat 10:21 UTC,2
Sat 10:22 UTC,1
Sat 10:26 UTC,1
Sat 10:30 UTC,3
Sat 10:34 UTC,3
Sat 10:37 UTC,1
Sat 10:40 UTC,1
Sat 10:43 UTC,1
Sat 10:49 UTC,1
Sat 10:50 UTC,1
Sat 10:53 UTC,1
Sat 10:56 UTC,1
Sat 10:59 UTC,3
Sat 11:00 UTC,1
Sat 11:02 UTC,1
Sat 11:04 UTC,1
Sat 11:05 UTC,2
Sat 11:07 UTC,1
Sat 11:09 UTC,1
Sat 11:10 UTC,2
Sat 11:14 UTC,1
Sat 11:15 UTC,1
Sat 11:19 UTC,1
Sat 11:24 UTC,2
Sat 11:29 UTC,1
Sat 11:30 UTC,1
Sat 11:33 UTC,1
Sat 11:37 UTC,1
Sat 11:39 UTC,1
Sat 11:40 UTC,1
Sat 11:44 UTC,1
Sat 11:45 UTC,1
Sat 11:47 UTC,1
Sat 11:49 UTC,2
Sat 11:52 UTC,1
Sat 11:59 UTC,1
Sat 12:00 UTC,7
Sat 12:11 UTC,1
Sat 12:15 UTC,2
Sat 12:27 UTC,1
Sat 12:30 UTC,3
Sat 12:31 UTC,1
Sat 12:38 UTC,1
Sat 12:50 UTC,1
Sat 12:51 UTC,2
Sat 13:00 UTC,1
Sat 13:02 UTC,1
Sat 13:08 UTC,1
Sat 13:13 UTC,1
Sat 13:15 UTC,2
Sat 13:16 UTC,1
Sat 13:25 UTC,1
Sat 13:27 UTC,1
Sat 13:30 UTC,3
Sat 13:32 UTC,1
Sat 13:48 UTC,1
Sat 13:53 UTC,2
Sat 13:59 UTC,2
Sat 14:00 UTC,2
Sat 14:08 UTC,1
Sat 14:14 UTC,1
Sat 14:20 UTC,1
Sat 14:22 UTC,3
Sat 14:23 UTC,1
Sat 14:24 UTC,1
Sat 14:29 UTC,1
Sat 14:30 UTC,2
Sat 14:38 UTC,1
Sat 14:47 UTC,1
Sat 14:58 UTC,1
Sat 15:00 UTC,5
Sat 15:02 UTC,3
Sat 15:14 UTC,1
Sat 15:17 UTC,1
Sat 15:30 UTC,1
Sat 15:57 UTC,1
Sat 15:59 UTC,1
Sat 16:00 UTC,2
Sat 16:11 UTC,1
Sat 16:12 UTC,1
Sat 16:13 UTC,1
Sat 16:17 UTC,1
Sat 16:20 UTC,1
Sat 16:26 UTC,1
Sat 16:28 UTC,2
Sat 16:34 UTC,1
Sat 16:39 UTC,1
Sat 16:40 UTC,1
Sat 16:50 UTC,1
Sat 16:52 UTC,1
Sat 16:55 UTC,1
Sat 17:00 UTC,1
Sat 17:06 UTC,1
Sat 17:09 UTC,1
Sat 17:15 UTC,1
Sat 17:16 UTC,2
Sat 17:40 UTC,1
Sat 17:45 UTC,1
Sat 17:50 UTC,1
Sat 17:51 UTC,1
Sat 17:52 UTC,1
Sat 17:53 UTC,1
Sat 17:54 UTC,1
Sat 18:00 UTC,2
Sat 18:08 UTC,1
Sat 18:09 UTC,1
Sat 18:10 UTC,1
Sat 18:11 UTC,1
Sat 18:15 UTC,1
Sat 18:29 UTC,1
Sat 18:30 UTC,1
Sat 18:34 UTC,1
Sat 18:50 UTC,2
Sat 18:53 UTC,1
Sat 18:57 UTC,1
Sat 19:08 UTC,1
Sat 19:10 UTC,1
Sat 19:13 UTC,1
Sat 19:15 UTC,1
Sat 19:21 UTC,1
Sat 19:22 UTC,1
Sat 19:25 UTC,1
Sat 19:28 UTC,1
Sat 19:30 UTC,1
Sat 19:40 UTC,1
Sat 19:46 UTC,1
Sat 19:48 UTC,1
Sat 20:05 UTC,1
Sat 20:09 UTC,2
Sat 20:13 UTC,1
Sat 20:17 UTC,3
Sat 20:19 UTC,1
Sat 20:21 UTC,1
Sat 20:28 UTC,1
Sat 20:34 UTC,1
Sat 20:39 UTC,1
Sat 20:40 UTC,1
Sat 20:43 UTC,2
Sat 20:51 UTC,1
Sat 20:53 UTC,1
Sat 21:02 UTC,1
Sat 21:03 UTC,1
Sat 21:05 UTC,1
Sat 21:07 UTC,1
Sat 21:09 UTC,2
Sat 21:17 UTC,1
Sat 21:18 UTC,1
Sat 21:19 UTC,1
Sat 21:25 UTC,1
Sat 21:28 UTC,1
Sat 21:30 UTC,1
Sat 21:34 UTC,1
Sat 21:35 UTC,1
Sat 21:41 UTC,5
Sat 21:42 UTC,1
Sat 21:48 UTC,1
Sat 21:49 UTC,1
Sat 22:00 UTC,1
Sat 22:01 UTC,1
Sat 22:04 UTC,1
Sat 22:30 UTC,1
Sat 22:33 UTC,3
Sat 22:34 UTC,1
Sat 22:35 UTC,2
Sat 22:36 UTC,1
Sat 22:39 UTC,1
Sat 22:40 UTC,1
Sat 22:42 UTC,1
Sat 22:46 UTC,1
Sat 22:47 UTC,1
Sat 22:51 UTC,1
Sat 22:52 UTC,1
Sat 22:53 UTC,1
Sat 22:54 UTC,1
Sat 22:58 UTC,1
Sat 23:01 UTC,2
Sat 23:03 UTC,1
Sat 23:08 UTC,1
Sat 23:10 UTC,1
Sat 23:13 UTC,1
Sat 23:14 UTC,1
Sat 23:15 UTC,2
Sat 23:17 UTC,1
Sat 23:23 UTC,1
Sat 23:31 UTC,1
Sat 23:33 UTC,1
Sat 23:34 UTC,1
Sat 23:36 UTC,1
Sat 23:42 UTC,1
Sat 23:44 UTC,1
Sat 23:45 UTC,1
Sat 23:59 UTC,1
"Sat Apr 02, 2016",1
"Sat Apr 16, 1960",1
"Sat Aug 05, 1978",1
"Sat Dec 13, 1980",1
"Sat Dec 23, 1978",1
"Sat Jun 01, 1963",1
"Sat Jun 15, 1968",1
"Sat Jun 19, 1976",1
"Sat Oct 30, 1982",1
"Sat Sep 22, 2012",1
"Sat Sep 24, 1977",1
Sun 00:00 UTC,1
Sun 00:06 UTC,1
Sun 00:12 UTC,1
Sun 00:18 UTC,1
Sun 00:21 UTC,1
Sun 00:30 UTC,2
Sun 00:33 UTC,1
Sun 00:34 UTC,1
Sun 00:35 UTC,1
Sun 00:40 UTC,1
Sun 00:43 UTC,2
Sun 00:44 UTC,2
Sun 00:47 UTC,1
Sun 00:49 UTC,1
Sun 00:51 UTC,1
Sun 00:57 UTC,1
Sun 01:11 UTC,1
Sun 01:17 UTC,1
Sun 01:21 UTC,1
Sun 01:25 UTC,2
Sun 01:29 UTC,1
Sun 01:34 UTC,2
Sun 01:43 UTC,1
Sun 01:45 UTC,1
Sun 01:47 UTC,1
Sun 01:48 UTC,1
Sun 01:49 UTC,1
Sun 01:50 UTC,1
Sun 02:02 UTC,1
Sun 02:15 UTC,1
Sun 02:20 UTC,1
Sun 02:28 UTC,1
Sun 02:30 UTC,2
Sun 02:31 UTC,1
Sun 02:40 UTC,2
Sun 02:43 UTC,1
Sun 02:47 UTC,1
Sun 03:17 UTC,1
Sun 03:22 UTC,1
Sun 03:27 UTC,1
Sun 03:29 UTC,1
Sun 03:30 UTC,2
Sun 03:34 UTC,1
Sun 03:45 UTC,1
Sun 03:50 UTC,1
Sun 04:00 UTC,1
Sun 04:02 UTC,1
Sun 04:03 UTC,1
Sun 04:11 UTC,1
Sun 04:12 UTC,1
Sun 04:18 UTC,1
Sun 04:20 UTC,1
Sun 04:23 UTC,1
Sun 04:40 UTC,1
Sun 04:41 UTC,1
Sun 04:55 UTC,1
Sun 05:00 UTC,3
Sun 05:10 UTC,1
Sun 05:15 UTC,1
Sun 05:17 UTC,1
Sun 05:26 UTC,1
Sun 05:44 UTC,1
Sun 05:49 UTC,1
Sun 05:50 UTC,2
Sun 05:52 UTC,1
Sun 05:59 UTC,1
Sun 06:00 UTC,3
Sun 06:17 UTC,1
Sun 06:28 UTC,1
Sun 06:30 UTC,1
Sun 06:33 UTC,1
Sun 06:49 UTC,1
Sun 06:54 UTC,1
Sun 07:05 UTC,1
Sun 07:20 UTC,3
Sun 07:21 UTC,1
Sun 07:28 UTC,1
Sun 07:31 UTC,1
Sun 07:45 UTC,1
Sun 07:46 UTC,1
Sun 07:49 UTC,1
Sun 07:50 UTC,2
Sun 08:00 UTC,4
Sun 08:02 UTC,1
Sun 08:05 UTC,1
Sun 08:40 UTC,3
Sun 08:44 UTC,1
Sun 08:49 UTC,1
Sun 08:53 UTC,1
Sun 08:59 UTC,2
Sun 09:01 UTC,1
Sun 09:17 UTC,1
Sun 09:18 UTC,1
Sun 09:20 UTC,1
Sun 09:21 UTC,2
Sun 09:27 UTC,1
Sun 09:29 UTC,3
Sun 09:31 UTC,1
Sun 09:35 UTC,1
Sun 09:45 UTC,1
Sun 10:00 UTC,2
Sun 10:06 UTC,1
Sun 10:09 UTC,1
Sun 10:10 UTC,1
Sun 10:27 UTC,1
Sun 10:30 UTC,1
Sun 10:44 UTC,1
Sun 10:48 UTC,1
Sun 11:00 UTC,1
Sun 11:10 UTC,1
Sun 11:17 UTC,1
Sun 11:20 UTC,1
Sun 11:23 UTC,1
Sun 11:33 UTC,1
Sun 11:45 UTC,2
Sun 11:50 UTC,1
Sun 11:55 UTC,1
Sun 12:00 UTC,3
Sun 12:10 UTC,1
Sun 12:18 UTC,1
Sun 12:19 UTC,1
Sun 12:25 UTC,1
Sun 12:26 UTC,1
Sun 12:28 UTC,1
Sun 12:30 UTC,1
Sun 12:51 UTC,1
Sun 13:10 UTC,1
Sun 13:14 UTC,1
Sun 13:30 UTC,1
Sun 13:45 UTC,2
Sun 13:48 UTC,1
Sun 13:51 UTC,1
Sun 13:56 UTC,1
Sun 14:21 UTC,1
Sun 14:30 UTC,1
Sun 14:33 UTC,1
Sun 14:36 UTC,1
Sun 14:38 UTC,1
Sun 14:39 UTC,1
Sun 14:49 UTC,1
Sun 15:13 UTC,1
Sun 15:25 UTC,1
Sun 15:30 UTC,3
Sun 15:35 UTC,1
Sun 15:36 UTC,1
Sun 15:41 UTC,1
Sun 15:48 UTC,1
Sun 15:51 UTC,1
Sun 15:59 UTC,1
Sun 16:00 UTC,1
Sun 16:01 UTC,1
Sun 16:09 UTC,1
Sun 16:12 UTC,2
Sun 16:17 UTC,1
Sun 16:24 UTC,1
Sun 16:38 UTC,1
Sun 16:40 UTC,2
Sun 16:41 UTC,1
Sun 16:49 UTC,1
Sun 16:52 UTC,1
Sun 17:06 UTC,1
Sun 17:10 UTC,1
Sun 17:33 UTC,1
Sun 17:36 UTC,1
Sun 17:47 UTC,1
Sun 17:54 UTC,1
Sun 17:59 UTC,1
Sun 18:03 UTC,1
Sun 18:06 UTC,1
Sun 18:07 UTC,2
Sun 18:14 UTC,1
Sun 18:19 UTC,1
Sun 18:30 UTC,1
Sun 18:41 UTC,1
Sun 18:42 UTC,1
Sun 18:44 UTC,1
Sun 18:45 UTC,1
Sun 18:56 UTC,1
Sun 19:11 UTC,1
Sun 19:13 UTC,1
Sun 20:00 UTC,2
Sun 20:17 UTC,1
Sun 20:20 UTC,1
Sun 20:21 UTC,1
Sun 20:25 UTC,1
Sun 20:32 UTC,1
Sun 21:00 UTC,2
Sun 21:01 UTC,1
Sun 21:03 UTC,1
Sun 21:04 UTC,1
Sun 21:09 UTC,1
Sun 21:10 UTC,2
Sun 21:14 UTC,1
Sun 21:16 UTC,1
Sun 21:28 UTC,1
Sun 21:32 UTC,1
Sun 21:37 UTC,1
Sun 21:44 UTC,1
Sun 21:49 UTC,1
Sun 21:50 UTC,1
Sun 21:58 UTC,1
Sun 22:03 UTC,1
Sun 22:23 UTC,1
Sun 22:32 UTC,1
Sun 22:33 UTC,1
Sun 22:45 UTC,1
Sun 22:48 UTC,1
Sun 22:50 UTC,1
Sun 22:58 UTC,1
Sun 22:59 UTC,1
Sun 23:15 UTC,1
Sun 23:21 UTC,1
Sun 23:30 UTC,2
Sun 23:33 UTC,1
Sun 23:37 UTC,1
Sun 23:40 UTC,1
Sun 23:43 UTC,1
Sun 23:44 UTC,1
Sun 23:45 UTC,1
Sun 23:54 UTC,2
Sun 23:59 UTC,1
"Sun Aug 17, 2008",1
"Sun Dec 17, 2017",1
"Sun Dec 20, 1987",1
"Sun Jun 10, 2007",1
"Sun Mar 28, 1999",1
"Sun Nov 02, 1997",1
"Sun Nov 16, 1969",1
"Sun Oct 10, 1999",1
"Sun Sep 15, 2002",1
Thu 00:00 UTC,1
Thu 00:02 UTC,1
Thu 00:04 UTC,1
Thu 00:07 UTC,2
Thu 00:08 UTC,1
Thu 00:12 UTC,1
Thu 00:15 UTC,2
Thu 00:17 UTC,4
Thu 00:21 UTC,1
Thu 00:22 UTC,1
Thu 00:23 UTC,1
Thu 00:28 UTC,2
Thu 00:29 UTC,1
Thu 00:30 UTC,1
Thu 00:32 UTC,1
Thu 00:38 UTC,2
Thu 00:40 UTC,2
Thu 00:45 UTC,1
Thu 00:51 UTC,1
Thu 00:52 UTC,1
Thu 01:07 UTC,1
Thu 01:09 UTC,2
Thu 01:11 UTC,1
Thu 01:14 UTC,1
Thu 01:15 UTC,1
Thu 01:17 UTC,1
Thu 01:21 UTC,1
Thu 01:22 UTC,1
Thu 01:23 UTC,1
Thu 01:25 UTC,1
Thu 01:28 UTC,1
Thu 01:30 UTC,1
Thu 01:32 UTC,1
Thu 01:36 UTC,1
Thu 01:37 UTC,2
Thu 01:44 UTC,1
Thu 01:48 UTC,2
Thu 01:50 UTC,1
Thu 01:53 UTC,1
Thu 01:56 UTC,1
Thu 01:58 UTC,1
Thu 02:01 UTC,1
Thu 02:05 UTC,1
Thu 02:07 UTC,2
Thu 02:10 UTC,1
Thu 02:12 UTC,1
Thu 02:30 UTC,1
Thu 02:32 UTC,2
Thu 02:37 UTC,1
Thu 02:42 UTC,2
Thu 02:44 UTC,1
Thu 02:48 UTC,2
Thu 02:58 UTC,1
Thu 03:00 UTC,1
Thu 03:02 UTC,1
Thu 03:03 UTC,1
Thu 03:06 UTC,1
Thu 03:09 UTC,1
Thu 03:15 UTC,2
Thu 03:21 UTC,1
Thu 03:23 UTC,1
Thu 03:26 UTC,1
Thu 03:34 UTC,1
Thu 03:36 UTC,1
Thu 03:38 UTC,1
Thu 03:40 UTC,1
Thu 03:45 UTC,1
Thu 03:50 UTC,1
Thu 04:00 UTC,3
Thu 04:01 UTC,1
Thu 04:04 UTC,1
Thu 04:07 UTC,1
Thu 04:09 UTC,1
Thu 04:12 UTC,1
Thu 04:20 UTC,1
Thu 04:22 UTC,2
Thu 04:25 UTC,1
Thu 04:26 UTC,1
Thu 04:27 UTC,2
Thu 04:30 UTC,1
Thu 04:41 UTC,1
Thu 04:42 UTC,2
Thu 04:43 UTC,1
Thu 04:45 UTC,1
Thu 04:49 UTC,2
Thu 04:53 UTC,1
Thu 04:55 UTC,1
Thu 04:58 UTC,1
Thu 04:59 UTC,1
Thu 05:00 UTC,3
Thu 05:01 UTC,1
Thu 05:13 UTC,1
Thu 05:22 UTC,1
Thu 05:28 UTC,1
Thu 05:29 UTC,1
Thu 05:31 UTC,1
Thu 05:34 UTC,1
Thu 05:36 UTC,1
Thu 05:39 UTC,2
Thu 05:43 UTC,1
Thu 05:48 UTC,1
Thu 06:00 UTC,4
Thu 06:02 UTC,1
Thu 06:07 UTC,1
Thu 06:10 UTC,1
Thu 06:11 UTC,1
Thu 06:13 UTC,1
Thu 06:14 UTC,2
Thu 06:20 UTC,2
Thu 06:29 UTC,1
Thu 06:30 UTC,2
Thu 06:33 UTC,1
Thu 06:35 UTC,2
Thu 06:36 UTC,1
Thu 06:38 UTC,1
Thu 06:40 UTC,1
Thu 06:42 UTC,1
Thu 06:43 UTC,1
Thu 06:45 UTC,1
Thu 06:46 UTC,1
Thu 06:48 UTC,1
Thu 06:50 UTC,1
Thu 06:52 UTC,1
Thu 06:56 UTC,1
Thu 06:59 UTC,1
Thu 07:00 UTC,7
Thu 07:07 UTC,1
Thu 07:10 UTC,3
Thu 07:11 UTC,1
Thu 07:12 UTC,1
Thu 07:13 UTC,1
Thu 07:19 UTC,1
Thu 07:20 UTC,1
Thu 07:25 UTC,1
Thu 07:26 UTC,1
Thu 07:30 UTC,2
Thu 07:33 UTC,2
Thu 07:35 UTC,1
Thu 07:36 UTC,1
Thu 07:37 UTC,1
Thu 07:39 UTC,1
Thu 07:40 UTC,1
Thu 07:41 UTC,1
Thu 07:45 UTC,1
Thu 07:46 UTC,1
Thu 07:50 UTC,2
Thu 07:51 UTC,1
Thu 07:59 UTC,1
Thu 08:00 UTC,3
Thu 08:01 UTC,1
Thu 08:02 UTC,1
Thu 08:04 UTC,1
Thu 08:05 UTC,3
Thu 08:06 UTC,1
Thu 08:07 UTC,1
Thu 08:08 UTC,1
Thu 08:10 UTC,1
Thu 08:15 UTC,1
Thu 08:16 UTC,1
Thu 08:20 UTC,2
Thu 08:24 UTC,1
Thu 08:25 UTC,1
Thu 08:30 UTC,7
Thu 08:38 UTC,1
Thu 08:40 UTC,5
Thu 08:45 UTC,1
Thu 08:46 UTC,2
Thu 08:49 UTC,1
Thu 08:53 UTC,1
Thu 08:59 UTC,2
Thu 09:00 UTC,4
Thu 09:03 UTC,1
Thu 09:07 UTC,1
Thu 09:09 UTC,1
Thu 09:10 UTC,4
Thu 09:12 UTC,1
Thu 09:14 UTC,2
Thu 09:15 UTC,3
Thu 09:16 UTC,1
Thu 09:19 UTC,1
Thu 09:20 UTC,2
Thu 09:26 UTC,1
Thu 09:27 UTC,1
Thu 09:28 UTC,1
Thu 09:30 UTC,2
Thu 09:31 UTC,1
Thu 09:33 UTC,1
Thu 09:34 UTC,1
Thu 09:39 UTC,1
Thu 09:40 UTC,2
Thu 09:41 UTC,1
Thu 09:42 UTC,1
Thu 09:45 UTC,2
Thu 09:49 UTC,2
Thu 09:50 UTC,2
Thu 09:55 UTC,1
Thu 09:59 UTC,1
Thu 10:00 UTC,8
Thu 10:02 UTC,3
Thu 10:07 UTC,1
Thu 10:13 UTC,1
Thu 10:20 UTC,2
Thu 10:21 UTC,1
Thu 10:22 UTC,1
Thu 10:23 UTC,2
Thu 10:25 UTC,1
Thu 10:28 UTC,1
Thu 10:29 UTC,1
Thu 10:30 UTC,3
Thu 10:31 UTC,1
Thu 10:33 UTC,1
Thu 10:40 UTC,5
Thu 10:45 UTC,2
Thu 10:48 UTC,1
Thu 10:49 UTC,2
Thu 10:50 UTC,1
Thu 10:53 UTC,1
Thu 10:55 UTC,1
Thu 10:57 UTC,1
Thu 11:00 UTC,6
Thu 11:01 UTC,1
Thu 11:10 UTC,2
Thu 11:11 UTC,2
Thu 11:20 UTC,2
Thu 11:22 UTC,2
Thu 11:26 UTC,1
Thu 11:28 UTC,1
Thu 11:29 UTC,1
Thu 11:30 UTC,1
Thu 11:34 UTC,2
Thu 11:37 UTC,1
Thu 11:38 UTC,2
Thu 11:40 UTC,1
Thu 11:41 UTC,1
Thu 11:42 UTC,1
Thu 11:44 UTC,1
Thu 11:45 UTC,1
Thu 11:46 UTC,1
Thu 11:47 UTC,1
Thu 11:49 UTC,2
Thu 11:50 UTC,2
Thu 11:51 UTC,2
Thu 11:53 UTC,1
Thu 11:54 UTC,1
Thu 11:57 UTC,1
Thu 11:59 UTC,3
Thu 12:00 UTC,7
Thu 12:02 UTC,1
Thu 12:03 UTC,1
Thu 12:04 UTC,1
Thu 12:06 UTC,1
Thu 12:09 UTC,1
Thu 12:10 UTC,3
Thu 12:11 UTC,1
Thu 12:15 UTC,2
Thu 12:16 UTC,1
Thu 12:18 UTC,1
Thu 12:19 UTC,1
Thu 12:22 UTC,1
Thu 12:25 UTC,1
Thu 12:29 UTC,2
Thu 12:30 UTC,3
Thu 12:33 UTC,1
Thu 12:35 UTC,1
Thu 12:37 UTC,1
Thu 12:38 UTC,1
Thu 12:39 UTC,2
Thu 12:40 UTC,2
Thu 12:41 UTC,1
Thu 12:42 UTC,2
Thu 12:43 UTC,3
Thu 12:44 UTC,1
Thu 12:45 UTC,1
Thu 12:47 UTC,1
Thu 12:49 UTC,1
Thu 12:50 UTC,1
Thu 12:52 UTC,1
Thu 12:59 UTC,2
Thu 13:00 UTC,6
Thu 13:03 UTC,1
Thu 13:05 UTC,1
Thu 13:06 UTC,2
Thu 13:07 UTC,1
Thu 13:08 UTC,1
Thu 13:09 UTC,1
Thu 13:10 UTC,1
Thu 13:11 UTC,1
Thu 13:12 UTC,2
Thu 13:15 UTC,2
Thu 13:19 UTC,1
Thu 13:20 UTC,1
Thu 13:21 UTC,1
Thu 13:23 UTC,1
Thu 13:26 UTC,1
Thu 13:29 UTC,2
Thu 13:30 UTC,2
Thu 13:35 UTC,2
Thu 13:37 UTC,1
Thu 13:40 UTC,4
Thu 13:41 UTC,1
Thu 13:43 UTC,2
Thu 13:45 UTC,1
Thu 13:48 UTC,1
Thu 13:50 UTC,1
Thu 13:55 UTC,1
Thu 13:57 UTC,1
Thu 13:59 UTC,1
Thu 14:00 UTC,6
Thu 14:02 UTC,1
Thu 14:03 UTC,1
Thu 14:04 UTC,1
Thu 14:05 UTC,1
Thu 14:15 UTC,2
Thu 14:17 UTC,1
Thu 14:26 UTC,1
Thu 14:27 UTC,3
Thu 14:30 UTC,4
Thu 14:34 UTC,2
Thu 14:39 UTC,3
Thu 14:41 UTC,1
Thu 14:43 UTC,2
Thu 14:46 UTC,1
Thu 14:49 UTC,1
Thu 14:50 UTC,1
Thu 14:52 UTC,1
Thu 14:54 UTC,1
Thu 14:57 UTC,1
Thu 15:00 UTC,4
Thu 15:02 UTC,2
Thu 15:07 UTC,1
Thu 15:09 UTC,2
Thu 15:10 UTC,1
Thu 15:15 UTC,2
Thu 15:18 UTC,1
Thu 15:19 UTC,1
Thu 15:20 UTC,1
Thu 15:21 UTC,1
Thu 15:23 UTC,1
Thu 15:27 UTC,1
Thu 15:30 UTC,4
Thu 15:36 UTC,1
Thu 15:37 UTC,1
Thu 15:38 UTC,1
Thu 15:39 UTC,2
Thu 15:40 UTC,1
Thu 15:41 UTC,2
Thu 15:42 UTC,1
Thu 15:44 UTC,1
Thu 15:49 UTC,1
Thu 15:51 UTC,1
Thu 15:57 UTC,1
Thu 16:05 UTC,1
Thu 16:06 UTC,1
Thu 16:08 UTC,1
Thu 16:12 UTC,1
Thu 16:14 UTC,1
Thu 16:17 UTC,1
Thu 16:19 UTC,1
Thu 16:23 UTC,1
Thu 16:24 UTC,1
Thu 16:30 UTC,3
Thu 16:34 UTC,1
Thu 16:35 UTC,1
Thu 16:36 UTC,1
Thu 16:39 UTC,1
Thu 16:41 UTC,1
Thu 16:45 UTC,1
Thu 16:47 UTC,1
Thu 16:52 UTC,1
Thu 16:53 UTC,2
Thu 16:59 UTC,2
Thu 17:00 UTC,2
Thu 17:01 UTC,2
Thu 17:03 UTC,1
Thu 17:04 UTC,1
Thu 17:05 UTC,1
Thu 17:07 UTC,1
Thu 17:09 UTC,2
Thu 17:11 UTC,1
Thu 17:15 UTC,2
Thu 17:16 UTC,1
Thu 17:26 UTC,1
Thu 17:29 UTC,1
Thu 17:30 UTC,1
Thu 17:32 UTC,1
Thu 17:37 UTC,1
Thu 17:38 UTC,2
Thu 17:39 UTC,1
Thu 17:42 UTC,1
Thu 17:45 UTC,3
Thu 17:46 UTC,2
Thu 17:47 UTC,1
Thu 17:50 UTC,1
Thu 17:58 UTC,1
Thu 18:00 UTC,1
Thu 18:07 UTC,3
Thu 18:09 UTC,1
Thu 18:10 UTC,1
Thu 18:18 UTC,1
Thu 18:21 UTC,1
Thu 18:28 UTC,1
Thu 18:29 UTC,1
Thu 18:30 UTC,1
Thu 18:32 UTC,1
Thu 18:36 UTC,1
Thu 18:37 UTC,3
Thu 18:40 UTC,1
Thu 18:43 UTC,1
Thu 18:45 UTC,1
Thu 18:46 UTC,1
Thu 18:49 UTC,1
Thu 18:50 UTC,1
Thu 18:51 UTC,4
Thu 18:52 UTC,2
Thu 18:55 UTC,2
Thu 18:56 UTC,1
Thu 18:57 UTC,1
Thu 19:00 UTC,5
Thu 19:04 UTC,1
Thu 19:10 UTC,1
Thu 19:11 UTC,1
Thu 19:13 UTC,1
Thu 19:14 UTC,1
Thu 19:15 UTC,1
Thu 19:19 UTC,1
Thu 19:20 UTC,1
Thu 19:22 UTC,1
Thu 19:24 UTC,1
Thu 19:26 UTC,1
Thu 19:28 UTC,1
Thu 19:30 UTC,3
Thu 19:36 UTC,1
Thu 19:40 UTC,2
Thu 19:45 UTC,2
Thu 19:49 UTC,1
Thu 19:50 UTC,1
Thu 19:54 UTC,1
Thu 19:57 UTC,1
Thu 19:58 UTC,2
Thu 19:59 UTC,1
Thu 20:00 UTC,4
Thu 20:02 UTC,3
Thu 20:04 UTC,1
Thu 20:05 UTC,1
Thu 20:06 UTC,1
Thu 20:08 UTC,1
Thu 20:09 UTC,3
Thu 20:15 UTC,1
Thu 20:16 UTC,1
Thu 20:18 UTC,3
Thu 20:19 UTC,1
Thu 20:20 UTC,1
Thu 20:27 UTC,1
Thu 20:29 UTC,1
Thu 20:30 UTC,2
Thu 20:34 UTC,2
Thu 20:35 UTC,1
Thu 20:38 UTC,1
Thu 20:44 UTC,1
Thu 20:45 UTC,1
Thu 20:46 UTC,1
Thu 20:47 UTC,1
Thu 20:54 UTC,1
Thu 20:55 UTC,2
Thu 21:00 UTC,2
Thu 21:02 UTC,2
Thu 21:05 UTC,1
Thu 21:08 UTC,1
Thu 21:09 UTC,1
Thu 21:10 UTC,3
Thu 21:16 UTC,2
Thu 21:17 UTC,1
Thu 21:22 UTC,1
Thu 21:25 UTC,1
Thu 21:27 UTC,1
Thu 21:30 UTC,2
Thu 21:33 UTC,1
Thu 21:34 UTC,1
Thu 21:36 UTC,2
Thu 21:37 UTC,1
Thu 21:38 UTC,1
Thu 21:39 UTC,1
Thu 21:40 UTC,2
Thu 21:42 UTC,1
Thu 21:43 UTC,2
Thu 21:45 UTC,3
Thu 21:47 UTC,1
Thu 21:49 UTC,1
Thu 21:50 UTC,1
Thu 21:53 UTC,1
Thu 21:54 UTC,1
Thu 21:58 UTC,1
Thu 21:59 UTC,1
Thu 22:01 UTC,1
Thu 22:02 UTC,1
Thu 22:04 UTC,3
Thu 22:05 UTC,3
Thu 22:07 UTC,1
Thu 22:09 UTC,1
Thu 22:11 UTC,1
Thu 22:19 UTC,1
Thu 22:20 UTC,2
Thu 22:22 UTC,1
Thu 22:24 UTC,1
Thu 22:25 UTC,1
Thu 22:26 UTC,2
Thu 22:27 UTC,1
Thu 22:28 UTC,1
Thu 22:29 UTC,1
Thu 22:32 UTC,1
Thu 22:35 UTC,1
Thu 22:38 UTC,1
Thu 22:42 UTC,1
Thu 22:46 UTC,1
Thu 22:47 UTC,1
Thu 22:48 UTC,1
Thu 22:49 UTC,1
Thu 22:51 UTC,1
Thu 22:52 UTC,1
Thu 22:54 UTC,1
Thu 22:57 UTC,2
Thu 22:58 UTC,2
Thu 23:00 UTC,2
Thu 23:02 UTC,1
Thu 23:04 UTC,1
Thu 23:05 UTC,1
Thu 23:11 UTC,2
Thu 23:12 UTC,1
Thu 23:16 UTC,1
Thu 23:17 UTC,2
Thu 23:18 UTC,1
Thu 23:23 UTC,1
Thu 23:26 UTC,1
Thu 23:27 UTC,1
Thu 23:30 UTC,3
Thu 23:33 UTC,1
Thu 23:35 UTC,1
Thu 23:40 UTC,1
Thu 23:43 UTC,2
Thu 23:45 UTC,3
Thu 23:46 UTC,1
Thu 23:48 UTC,2
Thu 23:51 UTC,1
Thu 23:52 UTC,1
Thu 23:53 UTC,1
Thu 23:54 UTC,1
Thu 23:55 UTC,1
Thu 23:56 UTC,1
Thu 23:57 UTC,2
Thu 23:59 UTC,1
"Thu Apr 26, 2012",1
"Thu Aug 27, 1987",1
"Thu Aug 29, 2019",1
"Thu Dec 02, 1971",1
"Thu Dec 17, 1981",1
"Thu Dec 18, 1986",1
"Thu Dec 25, 1980",1
"Thu Feb 15, 1973",1
"Thu Jan 22, 1998",1
"Thu Jul 27, 2017",1
"Thu Jun 07, 1979",1
"Thu Jun 29, 1972",1
"Thu Mar 28, 1968",1
"Thu May 24, 1962",1
"Thu Nov 01, 1979",1
"Thu Nov 25, 1976",1
"Thu Oct 08, 1964",1
"Thu Sep 22, 1977",1
Tue 00:00 UTC,1
Tue 00:02 UTC,2
Tue 00:08 UTC,1
Tue 00:10 UTC,1
Tue 00:12 UTC,1
Tue 00:17 UTC,1
Tue 00:19 UTC,1
Tue 00:25 UTC,2
Tue 00:30 UTC,1
Tue 00:36 UTC,1
Tue 00:37 UTC,2
Tue 00:40 UTC,1
Tue 00:41 UTC,1
Tue 00:48 UTC,2
Tue 00:50 UTC,1
Tue 00:52 UTC,1
Tue 00:53 UTC,2
Tue 00:55 UTC,1
Tue 00:59 UTC,1
Tue 01:00 UTC,2
Tue 01:04 UTC,1
Tue 01:05 UTC,1
Tue 01:08 UTC,1
Tue 01:12 UTC,1
Tue 01:15 UTC,1
Tue 01:16 UTC,1
Tue 01:18 UTC,1
Tue 01:20 UTC,1
Tue 01:23 UTC,1
Tue 01:29 UTC,2
Tue 01:30 UTC,1
Tue 01:33 UTC,1
Tue 01:35 UTC,1
Tue 01:43 UTC,1
Tue 01:45 UTC,1
Tue 01:46 UTC,1
Tue 01:49 UTC,1
Tue 01:50 UTC,1
Tue 01:51 UTC,1
Tue 02:00 UTC,1
Tue 02:05 UTC,1
Tue 02:06 UTC,1
Tue 02:14 UTC,1
Tue 02:19 UTC,1
Tue 02:26 UTC,1
Tue 02:33 UTC,1
Tue 02:36 UTC,1
Tue 02:38 UTC,2
Tue 02:40 UTC,1
Tue 02:43 UTC,1
Tue 02:44 UTC,1
Tue 02:48 UTC,1
Tue 02:49 UTC,1
Tue 02:51 UTC,1
Tue 02:54 UTC,1
Tue 02:56 UTC,1
Tue 02:59 UTC,1
Tue 03:00 UTC,2
Tue 03:02 UTC,1
Tue 03:08 UTC,1
Tue 03:09 UTC,1
Tue 03:15 UTC,1
Tue 03:16 UTC,1
Tue 03:17 UTC,1
Tue 03:18 UTC,1
Tue 03:21 UTC,1
Tue 03:24 UTC,1
Tue 03:26 UTC,2
Tue 03:31 UTC,1
Tue 03:33 UTC,1
Tue 03:35 UTC,1
Tue 03:38 UTC,1
Tue 03:43 UTC,1
Tue 03:49 UTC,1
Tue 03:50 UTC,1
Tue 03:54 UTC,1
Tue 03:56 UTC,1
Tue 03:57 UTC,1
Tue 03:58 UTC,1
Tue 04:00 UTC,3
Tue 04:03 UTC,1
Tue 04:04 UTC,1
Tue 04:06 UTC,1
Tue 04:09 UTC,1
Tue 04:14 UTC,1
Tue 04:19 UTC,1
Tue 04:20 UTC,1
Tue 04:21 UTC,1
Tue 04:25 UTC,1
Tue 04:29 UTC,1
Tue 04:31 UTC,1
Tue 04:34 UTC,1
Tue 04:37 UTC,2
Tue 04:38 UTC,1
Tue 04:39 UTC,1
Tue 04:40 UTC,1
Tue 04:41 UTC,1
Tue 04:50 UTC,1
Tue 04:52 UTC,1
Tue 04:53 UTC,1
Tue 04:59 UTC,1
Tue 05:00 UTC,2
Tue 05:01 UTC,1
Tue 05:05 UTC,1
Tue 05:09 UTC,1
Tue 05:10 UTC,1
Tue 05:14 UTC,1
Tue 05:15 UTC,1
Tue 05:16 UTC,1
Tue 05:18 UTC,1
Tue 05:21 UTC,1
Tue 05:25 UTC,1
Tue 05:29 UTC,1
Tue 05:30 UTC,2
Tue 05:33 UTC,1
Tue 05:38 UTC,1
Tue 05:39 UTC,1
Tue 05:41 UTC,1
Tue 05:42 UTC,1
Tue 05:44 UTC,1
Tue 05:52 UTC,2
Tue 05:56 UTC,1
Tue 05:57 UTC,1
Tue 05:58 UTC,1
Tue 05:59 UTC,3
Tue 06:00 UTC,1
Tue 06:14 UTC,1
Tue 06:15 UTC,2
Tue 06:18 UTC,1
Tue 06:20 UTC,1
Tue 06:22 UTC,1
Tue 06:28 UTC,1
Tue 06:30 UTC,3
Tue 06:38 UTC,1
Tue 06:39 UTC,1
Tue 06:41 UTC,1
Tue 06:43 UTC,1
Tue 06:45 UTC,1
Tue 06:46 UTC,1
Tue 06:48 UTC,1
Tue 06:50 UTC,2
Tue 06:51 UTC,2
Tue 06:56 UTC,1
Tue 07:00 UTC,5
Tue 07:05 UTC,1
Tue 07:07 UTC,1
Tue 07:11 UTC,1
Tue 07:12 UTC,1
Tue 07:14 UTC,1
Tue 07:17 UTC,2
Tue 07:18 UTC,1
Tue 07:19 UTC,1
Tue 07:20 UTC,1
Tue 07:21 UTC,1
Tue 07:30 UTC,4
Tue 07:31 UTC,1
Tue 07:33 UTC,1
Tue 07:35 UTC,1
Tue 07:37 UTC,1
Tue 07:39 UTC,1
Tue 07:40 UTC,2
Tue 07:41 UTC,1
Tue 07:44 UTC,2
Tue 07:46 UTC,1
Tue 07:47 UTC,3
Tue 07:48 UTC,2
Tue 07:49 UTC,2
Tue 07:55 UTC,1
Tue 08:00 UTC,6
Tue 08:01 UTC,1
Tue 08:04 UTC,1
Tue 08:05 UTC,1
Tue 08:12 UTC,1
Tue 08:13 UTC,1
Tue 08:14 UTC,3
Tue 08:16 UTC,1
Tue 08:20 UTC,1
Tue 08:25 UTC,1
Tue 08:27 UTC,2
Tue 08:28 UTC,1
Tue 08:34 UTC,2
Tue 08:35 UTC,1
Tue 08:40 UTC,2
Tue 08:46 UTC,1
Tue 08:48 UTC,2
Tue 08:53 UTC,1
Tue 08:55 UTC,1
Tue 08:56 UTC,1
Tue 09:00 UTC,5
Tue 09:01 UTC,1
Tue 09:05 UTC,2
Tue 09:07 UTC,1
Tue 09:08 UTC,2
Tue 09:09 UTC,1
Tue 09:15 UTC,3
Tue 09:19 UTC,1
Tue 09:20 UTC,3
Tue 09:21 UTC,2
Tue 09:25 UTC,1
Tue 09:29 UTC,1
Tue 09:30 UTC,3
Tue 09:31 UTC,1
Tue 09:38 UTC,1
Tue 09:39 UTC,1
Tue 09:40 UTC,1
Tue 09:43 UTC,1
Tue 09:45 UTC,1
Tue 09:50 UTC,2
Tue 09:55 UTC,2
Tue 10:00 UTC,8
Tue 10:01 UTC,1
Tue 10:03 UTC,1
Tue 10:04 UTC,3
Tue 10:05 UTC,1
Tue 10:07 UTC,1
Tue 10:08 UTC,1
Tue 10:10 UTC,2
Tue 10:16 UTC,1
Tue 10:20 UTC,2
Tue 10:21 UTC,1
Tue 10:23 UTC,1
Tue 10:29 UTC,1
Tue 10:30 UTC,3
Tue 10:40 UTC,1
Tue 10:50 UTC,3
Tue 10:52 UTC,1
Tue 10:58 UTC,1
Tue 10:59 UTC,1
Tue 11:00 UTC,11
Tue 11:01 UTC,1
Tue 11:03 UTC,1
Tue 11:04 UTC,2
Tue 11:08 UTC,1
Tue 11:10 UTC,4
Tue 11:15 UTC,1
Tue 11:17 UTC,1
Tue 11:19 UTC,1
Tue 11:20 UTC,3
Tue 11:23 UTC,1
Tue 11:26 UTC,1
Tue 11:29 UTC,2
Tue 11:30 UTC,3
Tue 11:38 UTC,1
Tue 11:40 UTC,2
Tue 11:45 UTC,1
Tue 11:48 UTC,1
Tue 11:55 UTC,1
Tue 12:00 UTC,11
Tue 12:01 UTC,1
Tue 12:03 UTC,1
Tue 12:05 UTC,2
Tue 12:08 UTC,1
Tue 12:10 UTC,1
Tue 12:12 UTC,1
Tue 12:17 UTC,1
Tue 12:19 UTC,1
Tue 12:20 UTC,2
Tue 12:28 UTC,1
Tue 12:29 UTC,2
Tue 12:30 UTC,6
Tue 12:32 UTC,2
Tue 12:33 UTC,1
Tue 12:34 UTC,1
Tue 12:35 UTC,1
Tue 12:36 UTC,1
Tue 12:37 UTC,1
Tue 12:40 UTC,1
Tue 12:41 UTC,1
Tue 12:44 UTC,1
Tue 12:49 UTC,1
Tue 12:55 UTC,1
Tue 12:57 UTC,1
Tue 12:58 UTC,1
Tue 12:59 UTC,1
Tue 13:00 UTC,6
Tue 13:04 UTC,1
Tue 13:05 UTC,1
Tue 13:07 UTC,1
Tue 13:09 UTC,1
Tue 13:10 UTC,1
Tue 13:13 UTC,1
Tue 13:19 UTC,2
Tue 13:20 UTC,4
Tue 13:23 UTC,1
Tue 13:25 UTC,1
Tue 13:29 UTC,1
Tue 13:30 UTC,2
Tue 13:35 UTC,1
Tue 13:43 UTC,1
Tue 13:47 UTC,1
Tue 13:50 UTC,1
Tue 13:55 UTC,1
Tue 13:57 UTC,1
Tue 13:58 UTC,1
Tue 14:00 UTC,7
Tue 14:03 UTC,1
Tue 14:04 UTC,2
Tue 14:06 UTC,1
Tue 14:07 UTC,1
Tue 14:12 UTC,1
Tue 14:14 UTC,1
Tue 14:15 UTC,2
Tue 14:21 UTC,1
Tue 14:22 UTC,1
Tue 14:24 UTC,1
Tue 14:25 UTC,1
Tue 14:26 UTC,1
Tue 14:29 UTC,1
Tue 14:30 UTC,4
Tue 14:31 UTC,2
Tue 14:34 UTC,1
Tue 14:37 UTC,1
Tue 14:39 UTC,2
Tue 14:40 UTC,1
Tue 14:42 UTC,1
Tue 14:45 UTC,4
Tue 14:47 UTC,1
Tue 14:50 UTC,1
Tue 14:51 UTC,1
Tue 14:52 UTC,1
Tue 14:53 UTC,2
Tue 14:56 UTC,1
Tue 14:58 UTC,1
Tue 15:00 UTC,5
Tue 15:02 UTC,1
Tue 15:04 UTC,1
Tue 15:10 UTC,1
Tue 15:11 UTC,1
Tue 15:14 UTC,2
Tue 15:15 UTC,1
Tue 15:19 UTC,1
Tue 15:20 UTC,2
Tue 15:21 UTC,1
Tue 15:24 UTC,1
Tue 15:25 UTC,1
Tue 15:30 UTC,1
Tue 15:33 UTC,1
Tue 15:36 UTC,1
Tue 15:39 UTC,1
Tue 15:45 UTC,1
Tue 15:49 UTC,1
Tue 15:50 UTC,1
Tue 15:52 UTC,1
Tue 15:53 UTC,1
Tue 15:55 UTC,3
Tue 16:00 UTC,1
Tue 16:02 UTC,1
Tue 16:05 UTC,3
Tue 16:07 UTC,1
Tue 16:15 UTC,2
Tue 16:19 UTC,1
Tue 16:20 UTC,1
Tue 16:24 UTC,1
Tue 16:26 UTC,1
Tue 16:27 UTC,1
Tue 16:33 UTC,2
Tue 16:34 UTC,1
Tue 16:38 UTC,1
Tue 16:39 UTC,1
Tue 16:40 UTC,1
Tue 16:44 UTC,1
Tue 16:45 UTC,1
Tue 16:47 UTC,1
Tue 16:49 UTC,1
Tue 16:50 UTC,1
Tue 16:55 UTC,1
Tue 16:57 UTC,2
Tue 17:00 UTC,3
Tue 17:01 UTC,1
Tue 17:02 UTC,1
Tue 17:04 UTC,1
Tue 17:07 UTC,1
Tue 17:10 UTC,1
Tue 17:22 UTC,1
Tue 17:30 UTC,2
Tue 17:36 UTC,1
Tue 17:37 UTC,1
Tue 17:38 UTC,1
Tue 17:45 UTC,1
Tue 17:46 UTC,1
Tue 17:50 UTC,2
Tue 17:51 UTC,1
Tue 17:56 UTC,1
Tue 17:57 UTC,2
Tue 17:58 UTC,1
Tue 17:59 UTC,1
Tue 18:02 UTC,2
Tue 18:03 UTC,3
Tue 18:06 UTC,1
Tue 18:12 UTC,1
Tue 18:20 UTC,1
Tue 18:22 UTC,1
Tue 18:24 UTC,1
Tue 18:28 UTC,2
Tue 18:30 UTC,4
Tue 18:33 UTC,1
Tue 18:35 UTC,3
Tue 18:36 UTC,2
Tue 18:37 UTC,1
Tue 18:38 UTC,1
Tue 18:39 UTC,1
Tue 18:41 UTC,1
Tue 18:45 UTC,3
Tue 18:48 UTC,1
Tue 18:49 UTC,1
Tue 18:56 UTC,1
Tue 18:57 UTC,1
Tue 18:59 UTC,1
Tue 19:00 UTC,2
Tue 19:07 UTC,1
Tue 19:11 UTC,2
Tue 19:12 UTC,2
Tue 19:19 UTC,1
Tue 19:21 UTC,1
Tue 19:24 UTC,1
Tue 19:26 UTC,1
Tue 19:27 UTC,1
Tue 19:29 UTC,1
Tue 19:30 UTC,3
Tue 19:32 UTC,1
Tue 19:36 UTC,1
Tue 19:39 UTC,1
Tue 19:44 UTC,1
Tue 19:46 UTC,1
Tue 19:47 UTC,1
Tue 19:49 UTC,1
Tue 19:50 UTC,1
Tue 19:55 UTC,1
Tue 19:59 UTC,3
Tue 20:01 UTC,1
Tue 20:09 UTC,2
Tue 20:10 UTC,2
Tue 20:11 UTC,1
Tue 20:16 UTC,1
Tue 20:19 UTC,1
Tue 20:20 UTC,1
Tue 20:21 UTC,1
Tue 20:24 UTC,2
Tue 20:30 UTC,1
Tue 20:32 UTC,1
Tue 20:33 UTC,1
Tue 20:37 UTC,1
Tue 20:38 UTC,1
Tue 20:40 UTC,1
Tue 20:41 UTC,1
Tue 20:45 UTC,2
Tue 20:51 UTC,1
Tue 20:58 UTC,1
Tue 20:59 UTC,1
Tue 21:00 UTC,1
Tue 21:01 UTC,1
Tue 21:09 UTC,1
Tue 21:10 UTC,1
Tue 21:13 UTC,1
Tue 21:18 UTC,1
Tue 21:20 UTC,1
Tue 21:21 UTC,1
Tue 21:23 UTC,1
Tue 21:24 UTC,1
Tue 21:28 UTC,1
Tue 21:29 UTC,1
Tue 21:30 UTC,3
Tue 21:34 UTC,1
Tue 21:35 UTC,2
Tue 21:37 UTC,2
Tue 21:39 UTC,1
Tue 21:41 UTC,1
Tue 21:44 UTC,1
Tue 21:45 UTC,1
Tue 21:46 UTC,1
Tue 21:50 UTC,1
Tue 21:53 UTC,1
Tue 21:56 UTC,1
Tue 22:00 UTC,1
Tue 22:06 UTC,1
Tue 22:10 UTC,1
Tue 22:11 UTC,1
Tue 22:13 UTC,2
Tue 22:14 UTC,1
Tue 22:18 UTC,1
Tue 22:21 UTC,1
Tue 22:22 UTC,1
Tue 22:24 UTC,1
Tue 22:25 UTC,1
Tue 22:30 UTC,3
Tue 22:33 UTC,1
Tue 22:38 UTC,1
Tue 22:39 UTC,1
Tue 22:40 UTC,1
Tue 22:41 UTC,1
Tue 22:48 UTC,2
Tue 22:49 UTC,2
Tue 22:50 UTC,1
Tue 22:52 UTC,1
Tue 22:53 UTC,1
Tue 22:55 UTC,1
Tue 23:01 UTC,1
Tue 23:02 UTC,1
Tue 23:04 UTC,1
Tue 23:07 UTC,1
Tue 23:08 UTC,1
Tue 23:10 UTC,1
Tue 23:11 UTC,1
Tue 23:12 UTC,1
Tue 23:16 UTC,1
Tue 23:17 UTC,2
Tue 23:20 UTC,1
Tue 23:21 UTC,2
Tue 23:22 UTC,1
Tue 23:23 UTC,1
Tue 23:25 UTC,1
Tue 23:28 UTC,2
Tue 23:30 UTC,1
Tue 23:35 UTC,1
Tue 23:44 UTC,1
Tue 23:47 UTC,2
Tue 23:55 UTC,1
Tue 23:56 UTC,1
Tue 23:57 UTC,1
Tue 23:58 UTC,2
"Tue Apr 03, 1990",1
"Tue Aug 02, 1994",1
"Tue Aug 12, 1958",1
"Tue Aug 26, 1958",1
"Tue Dec 01, 1964",1
"Tue Dec 20, 1966",1
"Tue Dec 28, 1965",1
"Tue Feb 05, 2019",1
"Tue Feb 06, 1990",1
"Tue Feb 14, 1989",1
"Tue Feb 15, 1977",1
"Tue Feb 17, 2015",1
"Tue Feb 27, 1979",1
"Tue Jan 29, 1991",1
"Tue Jun 22, 2010",1
"Tue Jun 26, 1973",2
"Tue Mar 29, 1977",1
"Tue May 08, 2001",1
"Tue May 28, 2002",1
"Tue Nov 17, 1970",1
"Tue Nov 20, 1990",1
"Tue Oct 24, 1978",1
"Tue Sep 16, 2003",1
Wed 00:00 UTC,4
Wed 00:10 UTC,1
Wed 00:12 UTC,1
Wed 00:14 UTC,1
Wed 00:15 UTC,4
Wed 00:20 UTC,1
Wed 00:21 UTC,1
Wed 00:23 UTC,1
Wed 00:25 UTC,1
Wed 00:26 UTC,1
Wed 00:29 UTC,2
Wed 00:30 UTC,1
Wed 00:31 UTC,3
Wed 00:33 UTC,2
Wed 00:34 UTC,1
Wed 00:35 UTC,1
Wed 00:42 UTC,2
Wed 00:45 UTC,3
Wed 00:47 UTC,1
Wed 00:48 UTC,2
Wed 00:49 UTC,1
Wed 00:50 UTC,2
Wed 00:52 UTC,3
Wed 00:53 UTC,1
Wed 00:54 UTC,2
Wed 00:55 UTC,1
Wed 00:56 UTC,1
Wed 00:59 UTC,1
Wed 01:00 UTC,4
Wed 01:04 UTC,2
Wed 01:05 UTC,1
Wed 01:07 UTC,1
Wed 01:10 UTC,2
Wed 01:15 UTC,2
Wed 01:21 UTC,1
Wed 01:25 UTC,1
Wed 01:33 UTC,3
Wed 01:35 UTC,1
Wed 01:36 UTC,1
Wed 01:40 UTC,2
Wed 01:42 UTC,2
Wed 01:45 UTC,1
Wed 01:46 UTC,1
Wed 01:48 UTC,1
Wed 01:49 UTC,1
Wed 01:50 UTC,1
Wed 01:53 UTC,1
Wed 01:57 UTC,2
Wed 01:58 UTC,1
Wed 01:59 UTC,1
Wed 02:00 UTC,1
Wed 02:09 UTC,2
Wed 02:12 UTC,1
Wed 02:25 UTC,1
Wed 02:28 UTC,1
Wed 02:30 UTC,1
Wed 02:47 UTC,1
Wed 02:52 UTC,1
Wed 02:53 UTC,2
Wed 02:55 UTC,1
Wed 02:58 UTC,1
Wed 03:00 UTC,1
Wed 03:04 UTC,1
Wed 03:05 UTC,1
Wed 03:09 UTC,2
Wed 03:21 UTC,2
Wed 03:23 UTC,3
Wed 03:25 UTC,1
Wed 03:26 UTC,1
Wed 03:27 UTC,1
Wed 03:28 UTC,1
Wed 03:29 UTC,1
Wed 03:30 UTC,4
Wed 03:33 UTC,1
Wed 03:39 UTC,1
Wed 03:40 UTC,1
Wed 03:43 UTC,1
Wed 03:45 UTC,2
Wed 03:46 UTC,1
Wed 03:48 UTC,1
Wed 03:49 UTC,1
Wed 03:51 UTC,1
Wed 03:54 UTC,2
Wed 03:55 UTC,1
Wed 03:56 UTC,1
Wed 03:58 UTC,2
Wed 03:59 UTC,1
Wed 04:00 UTC,1
Wed 04:01 UTC,1
Wed 04:02 UTC,1
Wed 04:06 UTC,1
Wed 04:09 UTC,1
Wed 04:13 UTC,1
Wed 04:15 UTC,1
Wed 04:17 UTC,1
Wed 04:21 UTC,1
Wed 04:22 UTC,1
Wed 04:25 UTC,1
Wed 04:27 UTC,1
Wed 04:30 UTC,1
Wed 04:31 UTC,1
Wed 04:37 UTC,2
Wed 04:42 UTC,1
Wed 04:44 UTC,1
Wed 04:50 UTC,1
Wed 04:54 UTC,1
Wed 04:59 UTC,1
Wed 05:00 UTC,1
Wed 05:02 UTC,1
Wed 05:06 UTC,1
Wed 05:12 UTC,1
Wed 05:14 UTC,1
Wed 05:20 UTC,2
Wed 05:24 UTC,1
Wed 05:27 UTC,1
Wed 05:31 UTC,1
Wed 05:40 UTC,2
Wed 05:44 UTC,3
Wed 05:45 UTC,1
Wed 05:46 UTC,1
Wed 05:47 UTC,1
Wed 05:48 UTC,1
Wed 05:53 UTC,1
Wed 05:54 UTC,1
Wed 05:58 UTC,2
Wed 05:59 UTC,1
Wed 06:01 UTC,1
Wed 06:04 UTC,1
Wed 06:07 UTC,2
Wed 06:14 UTC,1
Wed 06:16 UTC,1
Wed 06:18 UTC,1
Wed 06:20 UTC,1
Wed 06:21 UTC,1
Wed 06:22 UTC,1
Wed 06:23 UTC,1
Wed 06:25 UTC,1
Wed 06:30 UTC,1
Wed 06:31 UTC,2
Wed 06:33 UTC,1
Wed 06:34 UTC,1
Wed 06:35 UTC,1
Wed 06:37 UTC,1
Wed 06:39 UTC,1
Wed 06:44 UTC,1
Wed 06:47 UTC,1
Wed 06:48 UTC,1
Wed 06:58 UTC,1
Wed 06:59 UTC,1
Wed 07:00 UTC,3
Wed 07:04 UTC,2
Wed 07:06 UTC,1
Wed 07:07 UTC,2
Wed 07:10 UTC,2
Wed 07:12 UTC,1
Wed 07:15 UTC,2
Wed 07:17 UTC,1
Wed 07:19 UTC,1
Wed 07:21 UTC,1
Wed 07:29 UTC,1
Wed 07:30 UTC,3
Wed 07:33 UTC,1
Wed 07:34 UTC,1
Wed 07:35 UTC,1
Wed 07:40 UTC,2
Wed 07:43 UTC,1
Wed 07:50 UTC,2
Wed 07:55 UTC,1
Wed 07:59 UTC,1
Wed 08:00 UTC,7
Wed 08:01 UTC,1
Wed 08:05 UTC,1
Wed 08:08 UTC,1
Wed 08:09 UTC,1
Wed 08:10 UTC,1
Wed 08:15 UTC,1
Wed 08:19 UTC,2
Wed 08:29 UTC,1
Wed 08:30 UTC,7
Wed 08:39 UTC,1
Wed 08:43 UTC,1
Wed 08:45 UTC,1
Wed 08:50 UTC,3
Wed 08:54 UTC,2
Wed 08:55 UTC,1
Wed 08:56 UTC,1
Wed 08:57 UTC,1
Wed 08:58 UTC,1
Wed 09:00 UTC,12
Wed 09:01 UTC,1
Wed 09:04 UTC,1
Wed 09:05 UTC,1
Wed 09:10 UTC,2
Wed 09:13 UTC,1
Wed 09:20 UTC,4
Wed 09:23 UTC,1
Wed 09:25 UTC,1
Wed 09:27 UTC,2
Wed 09:29 UTC,3
Wed 09:30 UTC,9
Wed 09:39 UTC,2
Wed 09:40 UTC,1
Wed 09:42 UTC,1
Wed 09:43 UTC,1
Wed 09:47 UTC,3
Wed 09:48 UTC,1
Wed 09:53 UTC,1
Wed 09:55 UTC,2
Wed 09:56 UTC,1
Wed 09:58 UTC,1
Wed 09:59 UTC,2
Wed 10:00 UTC,4
Wed 10:03 UTC,2
Wed 10:04 UTC,2
Wed 10:05 UTC,1
Wed 10:06 UTC,2
Wed 10:10 UTC,1
Wed 10:13 UTC,1
Wed 10:14 UTC,1
Wed 10:15 UTC,1
Wed 10:17 UTC,2
Wed 10:18 UTC,1
Wed 10:19 UTC,3
Wed 10:20 UTC,2
Wed 10:25 UTC,1
Wed 10:30 UTC,2
Wed 10:33 UTC,1
Wed 10:35 UTC,1
Wed 10:37 UTC,1
Wed 10:39 UTC,2
Wed 10:40 UTC,4
Wed 10:42 UTC,1
Wed 10:43 UTC,1
Wed 10:45 UTC,2
Wed 10:47 UTC,1
Wed 10:50 UTC,2
Wed 10:51 UTC,1
Wed 10:59 UTC,1
Wed 11:00 UTC,12
Wed 11:04 UTC,1
Wed 11:05 UTC,2
Wed 11:06 UTC,1
Wed 11:09 UTC,1
Wed 11:12 UTC,2
Wed 11:13 UTC,1
Wed 11:15 UTC,1
Wed 11:19 UTC,1
Wed 11:24 UTC,2
Wed 11:25 UTC,1
Wed 11:27 UTC,2
Wed 11:28 UTC,1
Wed 11:30 UTC,9
Wed 11:37 UTC,1
Wed 11:38 UTC,1
Wed 11:39 UTC,1
Wed 11:40 UTC,2
Wed 11:43 UTC,1
Wed 11:44 UTC,2
Wed 11:45 UTC,1
Wed 11:46 UTC,1
Wed 11:50 UTC,3
Wed 11:52 UTC,1
Wed 11:59 UTC,1
Wed 12:00 UTC,13
Wed 12:02 UTC,1
Wed 12:08 UTC,2
Wed 12:10 UTC,1
Wed 12:14 UTC,1
Wed 12:15 UTC,3
Wed 12:16 UTC,1
Wed 12:18 UTC,1
Wed 12:23 UTC,1
Wed 12:27 UTC,1
Wed 12:28 UTC,1
Wed 12:29 UTC,1
Wed 12:30 UTC,6
Wed 12:35 UTC,1
Wed 12:40 UTC,1
Wed 12:44 UTC,1
Wed 12:49 UTC,1
Wed 12:50 UTC,1
Wed 12:51 UTC,1
Wed 12:53 UTC,1
Wed 12:56 UTC,1
Wed 12:57 UTC,1
Wed 12:58 UTC,1
Wed 12:59 UTC,2
Wed 13:00 UTC,8
Wed 13:04 UTC,3
Wed 13:05 UTC,1
Wed 13:09 UTC,1
Wed 13:10 UTC,1
Wed 13:11 UTC,1
Wed 13:13 UTC,1
Wed 13:14 UTC,1
Wed 13:15 UTC,2
Wed 13:18 UTC,1
Wed 13:19 UTC,2
Wed 13:20 UTC,1
Wed 13:24 UTC,2
Wed 13:30 UTC,2
Wed 13:32 UTC,2
Wed 13:35 UTC,1
Wed 13:37 UTC,1
Wed 13:40 UTC,3
Wed 13:41 UTC,2
Wed 13:45 UTC,1
Wed 13:46 UTC,2
Wed 13:47 UTC,1
Wed 13:53 UTC,1
Wed 13:55 UTC,1
Wed 13:57 UTC,1
Wed 13:58 UTC,1
Wed 13:59 UTC,2
Wed 14:00 UTC,2
Wed 14:01 UTC,1
Wed 14:02 UTC,1
Wed 14:04 UTC,1
Wed 14:05 UTC,1
Wed 14:06 UTC,1
Wed 14:07 UTC,1
Wed 14:09 UTC,1
Wed 14:10 UTC,1
Wed 14:12 UTC,1
Wed 14:15 UTC,1
Wed 14:17 UTC,1
Wed 14:19 UTC,1
Wed 14:21 UTC,1
Wed 14:29 UTC,2
Wed 14:30 UTC,1
Wed 14:31 UTC,1
Wed 14:35 UTC,1
Wed 14:38 UTC,1
Wed 14:39 UTC,2
Wed 14:45 UTC,1
Wed 14:50 UTC,1
Wed 14:52 UTC,1
Wed 14:53 UTC,1
Wed 14:59 UTC,1
Wed 15:00 UTC,3
Wed 15:05 UTC,3
Wed 15:07 UTC,1
Wed 15:08 UTC,1
Wed 15:09 UTC,1
Wed 15:11 UTC,2
Wed 15:14 UTC,1
Wed 15:27 UTC,2
Wed 15:30 UTC,1
Wed 15:32 UTC,1
Wed 15:33 UTC,1
Wed 15:34 UTC,1
Wed 15:36 UTC,1
Wed 15:41 UTC,1
Wed 15:43 UTC,1
Wed 15:45 UTC,1
Wed 15:51 UTC,1
Wed 15:52 UTC,3
Wed 15:57 UTC,1
Wed 16:00 UTC,2
Wed 16:01 UTC,1
Wed 16:05 UTC,2
Wed 16:06 UTC,1
Wed 16:13 UTC,1
Wed 16:15 UTC,1
Wed 16:20 UTC,2
Wed 16:22 UTC,1
Wed 16:25 UTC,1
Wed 16:27 UTC,1
Wed 16:37 UTC,2
Wed 16:40 UTC,1
Wed 16:45 UTC,1
Wed 16:53 UTC,2
Wed 17:00 UTC,3
Wed 17:01 UTC,1
Wed 17:02 UTC,2
Wed 17:05 UTC,2
Wed 17:14 UTC,1
Wed 17:15 UTC,1
Wed 17:20 UTC,1
Wed 17:21 UTC,1
Wed 17:24 UTC,1
Wed 17:25 UTC,1
Wed 17:31 UTC,2
Wed 17:35 UTC,1
Wed 17:38 UTC,1
Wed 17:40 UTC,1
Wed 17:44 UTC,1
Wed 17:47 UTC,1
Wed 17:49 UTC,1
Wed 17:55 UTC,2
Wed 17:57 UTC,2
Wed 18:00 UTC,1
Wed 18:03 UTC,1
Wed 18:05 UTC,1
Wed 18:06 UTC,1
Wed 18:07 UTC,1
Wed 18:08 UTC,1
Wed 18:11 UTC,1
Wed 18:13 UTC,1
Wed 18:14 UTC,3
Wed 18:16 UTC,1
Wed 18:20 UTC,1
Wed 18:24 UTC,1
Wed 18:27 UTC,1
Wed 18:28 UTC,1
Wed 18:29 UTC,1
Wed 18:30 UTC,1
Wed 18:31 UTC,1
Wed 18:34 UTC,1
Wed 18:36 UTC,1
Wed 18:43 UTC,1
Wed 18:44 UTC,1
Wed 18:46 UTC,2
Wed 18:47 UTC,1
Wed 18:50 UTC,2
Wed 18:51 UTC,1
Wed 18:56 UTC,1
Wed 19:01 UTC,1
Wed 19:03 UTC,1
Wed 19:07 UTC,1
Wed 19:10 UTC,2
Wed 19:12 UTC,1
Wed 19:15 UTC,2
Wed 19:21 UTC,1
Wed 19:22 UTC,1
Wed 19:23 UTC,2
Wed 19:24 UTC,1
Wed 19:26 UTC,1
Wed 19:30 UTC,1
Wed 19:34 UTC,1
Wed 19:35 UTC,1
Wed 19:43 UTC,1
Wed 19:46 UTC,1
Wed 19:47 UTC,1
Wed 19:49 UTC,1
Wed 19:50 UTC,1
Wed 19:52 UTC,1
Wed 19:55 UTC,1
Wed 19:58 UTC,2
Wed 20:00 UTC,1
Wed 20:03 UTC,1
Wed 20:09 UTC,2
Wed 20:10 UTC,4
Wed 20:14 UTC,1
Wed 20:15 UTC,1
Wed 20:16 UTC,1
Wed 20:17 UTC,1
Wed 20:20 UTC,2
Wed 20:22 UTC,1
Wed 20:23 UTC,1
Wed 20:25 UTC,1
Wed 20:26 UTC,2
Wed 20:29 UTC,1
Wed 20:30 UTC,3
Wed 20:31 UTC,1
Wed 20:37 UTC,2
Wed 20:40 UTC,1
Wed 20:43 UTC,1
Wed 20:45 UTC,2
Wed 20:46 UTC,1
Wed 20:53 UTC,1
Wed 21:00 UTC,1
Wed 21:06 UTC,1
Wed 21:07 UTC,1
Wed 21:10 UTC,1
Wed 21:11 UTC,1
Wed 21:15 UTC,1
Wed 21:16 UTC,1
Wed 21:20 UTC,2
Wed 21:22 UTC,3
Wed 21:23 UTC,1
Wed 21:25 UTC,1
Wed 21:27 UTC,1
Wed 21:30 UTC,1
Wed 21:35 UTC,1
Wed 21:37 UTC,1
Wed 21:38 UTC,2
Wed 21:42 UTC,1
Wed 21:45 UTC,2
Wed 21:49 UTC,1
Wed 21:51 UTC,1
Wed 21:52 UTC,1
Wed 21:56 UTC,1
Wed 21:59 UTC,1
Wed 22:00 UTC,5
Wed 22:03 UTC,2
Wed 22:04 UTC,1
Wed 22:05 UTC,1
Wed 22:07 UTC,1
Wed 22:08 UTC,1
Wed 22:09 UTC,1
Wed 22:10 UTC,1
Wed 22:11 UTC,1
Wed 22:12 UTC,1
Wed 22:13 UTC,1
Wed 22:15 UTC,2
Wed 22:16 UTC,1
Wed 22:19 UTC,1
Wed 22:20 UTC,1
Wed 22:21 UTC,1
Wed 22:22 UTC,1
Wed 22:26 UTC,1
Wed 22:30 UTC,1
Wed 22:33 UTC,1
Wed 22:34 UTC,2
Wed 22:36 UTC,1
Wed 22:38 UTC,1
Wed 22:39 UTC,1
Wed 22:40 UTC,2
Wed 22:45 UTC,2
Wed 22:47 UTC,1
Wed 22:48 UTC,1
Wed 22:50 UTC,1
Wed 22:51 UTC,1
Wed 22:52 UTC,1
Wed 22:53 UTC,1
Wed 22:54 UTC,1
Wed 22:55 UTC,3
Wed 22:57 UTC,1
Wed 23:01 UTC,2
Wed 23:02 UTC,1
Wed 23:03 UTC,1
Wed 23:04 UTC,1
Wed 23:05 UTC,2
Wed 23:08 UTC,1
Wed 23:10 UTC,1
Wed 23:13 UTC,1
Wed 23:14 UTC,1
Wed 23:15 UTC,1
Wed 23:17 UTC,1
Wed 23:19 UTC,1
Wed 23:20 UTC,1
Wed 23:23 UTC,2
Wed 23:25 UTC,1
Wed 23:29 UTC,2
Wed 23:33 UTC,1
Wed 23:37 UTC,1
Wed 23:42 UTC,1
Wed 23:44 UTC,2
Wed 23:46 UTC,2
Wed 23:52 UTC,1
Wed 23:53 UTC,1
Wed 23:57 UTC,1
Wed 23:58 UTC,2
Wed 23:59 UTC,1
"Wed Apr 05, 1995",1
"Wed Apr 09, 2014",1
"Wed Apr 12, 1972",1
"Wed Apr 17, 1985",1
"Wed Apr 21, 1999",1
"Wed Apr 26, 1967",1
"Wed Apr 27, 1977",1
"Wed Apr 28, 1999",1
"Wed Apr 29, 2015",1
"Wed Dec 26, 1973",1
"Wed Dec 27, 1989",1
"Wed Jun 02, 1976",1
"Wed Jun 06, 1984",1
"Wed Jun 12, 1963",1
"Wed Jun 15, 2011",1
"Wed Jun 22, 1988",1
"Wed Mar 06, 1968",1
"Wed May 04, 1983",1
"Wed May 23, 2012",1
"Wed Nov 04, 2015",1
"Wed Nov 28, 1990",1
"Wed Nov 29, 1967",1
